Iteration,0,Predator,5000,Prey,1251,Grass,4836
Iteration,1,Predator,4929,Prey,271,Grass,3281
Iteration,2,Predator,4938,Prey,262,Grass,3225
Iteration,3,Predator,4954,Prey,225,Grass,3179
Iteration,4,Predator,4959,Prey,209,Grass,3135
Iteration,5,Predator,4946,Prey,184,Grass,3094
Iteration,6,Predator,4950,Prey,163,Grass,3066
Iteration,7,Predator,4890,Prey,151,Grass,3034
Iteration,8,Predator,4850,Prey,133,Grass,3004
Iteration,9,Predator,4840,Prey,109,Grass,2983
Iteration,10,Predator,4765,Prey,97,Grass,2965
Iteration,11,Predator,4695,Prey,85,Grass,2948
Iteration,12,Predator,4609,Prey,75,Grass,2934
Iteration,13,Predator,4538,Prey,65,Grass,2926
Iteration,14,Predator,4420,Prey,57,Grass,2917
Iteration,15,Predator,4310,Prey,48,Grass,2912
Iteration,16,Predator,4208,Prey,41,Grass,2906
Iteration,17,Predator,4104,Prey,32,Grass,2901
Iteration,18,Predator,3967,Prey,26,Grass,2889
Iteration,19,Predator,3841,Prey,23,Grass,2885
Iteration,20,Predator,3739,Prey,17,Grass,2878
Iteration,21,Predator,3636,Prey,18,Grass,2878
Iteration,22,Predator,3553,Prey,17,Grass,2876
Iteration,23,Predator,3446,Prey,15,Grass,2875
Iteration,24,Predator,3358,Prey,14,Grass,2869
Iteration,25,Predator,3283,Prey,12,Grass,2863
Iteration,26,Predator,3235,Prey,11,Grass,2863
Iteration,27,Predator,3204,Prey,10,Grass,2861
Iteration,28,Predator,3145,Prey,11,Grass,2860
Iteration,29,Predator,3105,Prey,9,Grass,2859
Iteration,30,Predator,3113,Prey,10,Grass,2857
Iteration,31,Predator,3085,Prey,7,Grass,2854
Iteration,32,Predator,3080,Prey,5,Grass,2854
Iteration,33,Predator,3071,Prey,4,Grass,2852
Iteration,34,Predator,3058,Prey,5,Grass,2852
Iteration,35,Predator,3072,Prey,5,Grass,2851
Iteration,36,Predator,3081,Prey,7,Grass,2850
Iteration,37,Predator,3091,Prey,7,Grass,2848
Iteration,38,Predator,3123,Prey,6,Grass,2848
Iteration,39,Predator,3145,Prey,6,Grass,2848
Iteration,40,Predator,3176,Prey,6,Grass,2848
Iteration,41,Predator,3218,Prey,5,Grass,2844
Iteration,42,Predator,3273,Prey,5,Grass,2843
Iteration,43,Predator,3319,Prey,6,Grass,2843
Iteration,44,Predator,3361,Prey,2,Grass,2842
Iteration,45,Predator,3398,Prey,1,Grass,2842
Iteration,46,Predator,3423,Prey,1,Grass,2842
Iteration,47,Predator,3463,Prey,1,Grass,2842
Iteration,48,Predator,3482,Prey,1,Grass,2840
Iteration,49,Predator,3508,Prey,1,Grass,2840
Iteration,50,Predator,3498,Prey,1,Grass,2840
Iteration,51,Predator,3526,Prey,1,Grass,2840
Iteration,52,Predator,3535,Prey,1,Grass,2840
Iteration,53,Predator,3528,Prey,1,Grass,2839
Iteration,54,Predator,3536,Prey,1,Grass,2839
Iteration,55,Predator,3528,Prey,1,Grass,2839
Iteration,56,Predator,3510,Prey,0,Grass,2839
Iteration,57,Predator,3501,Prey,0,Grass,2839
Iteration,58,Predator,3472,Prey,0,Grass,2839
Iteration,59,Predator,3432,Prey,0,Grass,2839
Iteration,60,Predator,3433,Prey,0,Grass,2839
Iteration,61,Predator,3409,Prey,0,Grass,2839
Iteration,62,Predator,3419,Prey,0,Grass,2839
Iteration,63,Predator,3422,Prey,0,Grass,2839
Iteration,64,Predator,3417,Prey,0,Grass,2839
Iteration,65,Predator,3419,Prey,0,Grass,2839
Iteration,66,Predator,3382,Prey,0,Grass,2839
Iteration,67,Predator,3336,Prey,0,Grass,2839
Iteration,68,Predator,3284,Prey,0,Grass,2839
Iteration,69,Predator,3271,Prey,0,Grass,2839
Iteration,70,Predator,3221,Prey,0,Grass,2839
Iteration,71,Predator,3177,Prey,0,Grass,2839
Iteration,72,Predator,3165,Prey,0,Grass,2839
Iteration,73,Predator,3112,Prey,0,Grass,2839
Iteration,74,Predator,3085,Prey,0,Grass,2839
Iteration,75,Predator,3055,Prey,0,Grass,2839
Iteration,76,Predator,3035,Prey,0,Grass,2839
Iteration,77,Predator,3011,Prey,0,Grass,2839
Iteration,78,Predator,2975,Prey,0,Grass,2839
Iteration,79,Predator,2905,Prey,0,Grass,2839
Iteration,80,Predator,2858,Prey,0,Grass,2839
Iteration,81,Predator,2814,Prey,0,Grass,2839
Iteration,82,Predator,2774,Prey,0,Grass,2839
Iteration,83,Predator,2743,Prey,0,Grass,2839
Iteration,84,Predator,2727,Prey,0,Grass,2839
Iteration,85,Predator,2694,Prey,0,Grass,2839
Iteration,86,Predator,2647,Prey,0,Grass,2839
Iteration,87,Predator,2634,Prey,0,Grass,2839
Iteration,88,Predator,2588,Prey,0,Grass,2839
Iteration,89,Predator,2567,Prey,0,Grass,2839
Iteration,90,Predator,2527,Prey,0,Grass,2839
Iteration,91,Predator,2501,Prey,0,Grass,2839
Iteration,92,Predator,2462,Prey,0,Grass,2839
Iteration,93,Predator,2401,Prey,0,Grass,2839
Iteration,94,Predator,2353,Prey,0,Grass,2839
Iteration,95,Predator,2318,Prey,0,Grass,4394
Iteration,96,Predator,2280,Prey,0,Grass,4450
Iteration,97,Predator,2217,Prey,0,Grass,4496
Iteration,98,Predator,2140,Prey,0,Grass,4540
Iteration,99,Predator,2073,Prey,0,Grass,4581
Iteration,100,Predator,2023,Prey,0,Grass,4609
Iteration,101,Predator,1948,Prey,0,Grass,4641
Iteration,102,Predator,1923,Prey,0,Grass,4671
Iteration,103,Predator,1873,Prey,0,Grass,4692
Iteration,104,Predator,1835,Prey,0,Grass,4710
Iteration,105,Predator,1807,Prey,0,Grass,4727
Iteration,106,Predator,1764,Prey,0,Grass,4741
Iteration,107,Predator,1730,Prey,0,Grass,4749
Iteration,108,Predator,1670,Prey,0,Grass,4758
Iteration,109,Predator,1611,Prey,0,Grass,4763
Iteration,110,Predator,1562,Prey,0,Grass,4769
Iteration,111,Predator,1549,Prey,0,Grass,4774
Iteration,112,Predator,1516,Prey,0,Grass,4786
Iteration,113,Predator,1467,Prey,0,Grass,4790
Iteration,114,Predator,1429,Prey,0,Grass,4797
Iteration,115,Predator,1396,Prey,0,Grass,4797
Iteration,116,Predator,1343,Prey,0,Grass,4799
Iteration,117,Predator,1325,Prey,0,Grass,4800
Iteration,118,Predator,1288,Prey,0,Grass,4806
Iteration,119,Predator,1272,Prey,0,Grass,4812
Iteration,120,Predator,1245,Prey,0,Grass,4812
Iteration,121,Predator,1201,Prey,0,Grass,4814
Iteration,122,Predator,1161,Prey,0,Grass,4815
Iteration,123,Predator,1112,Prey,0,Grass,4816
Iteration,124,Predator,1092,Prey,0,Grass,4818
Iteration,125,Predator,1067,Prey,0,Grass,4821
Iteration,126,Predator,1052,Prey,0,Grass,4821
Iteration,127,Predator,1026,Prey,0,Grass,4823
Iteration,128,Predator,967,Prey,0,Grass,4823
Iteration,129,Predator,946,Prey,0,Grass,4824
Iteration,130,Predator,924,Prey,0,Grass,4825
Iteration,131,Predator,885,Prey,0,Grass,4827
Iteration,132,Predator,857,Prey,0,Grass,4827
Iteration,133,Predator,842,Prey,0,Grass,4827
Iteration,134,Predator,810,Prey,0,Grass,4827
Iteration,135,Predator,781,Prey,0,Grass,4831
Iteration,136,Predator,768,Prey,0,Grass,4832
Iteration,137,Predator,743,Prey,0,Grass,4832
Iteration,138,Predator,722,Prey,0,Grass,4833
Iteration,139,Predator,695,Prey,0,Grass,4833
Iteration,140,Predator,649,Prey,0,Grass,4833
Iteration,141,Predator,629,Prey,0,Grass,4833
Iteration,142,Predator,604,Prey,0,Grass,4835
Iteration,143,Predator,593,Prey,0,Grass,4835
Iteration,144,Predator,578,Prey,0,Grass,4835
Iteration,145,Predator,553,Prey,0,Grass,4835
Iteration,146,Predator,540,Prey,0,Grass,4835
Iteration,147,Predator,518,Prey,0,Grass,4836
Iteration,148,Predator,502,Prey,0,Grass,4836
Iteration,149,Predator,495,Prey,0,Grass,4836
Iteration,150,Predator,480,Prey,0,Grass,4836
Iteration,151,Predator,465,Prey,0,Grass,4836
Iteration,152,Predator,447,Prey,0,Grass,4836
Iteration,153,Predator,437,Prey,0,Grass,4836
Iteration,154,Predator,419,Prey,0,Grass,4836
Iteration,155,Predator,406,Prey,0,Grass,4836
Iteration,156,Predator,391,Prey,0,Grass,4836
Iteration,157,Predator,369,Prey,0,Grass,4836
Iteration,158,Predator,361,Prey,0,Grass,4836
Iteration,159,Predator,348,Prey,0,Grass,4836
Iteration,160,Predator,339,Prey,0,Grass,4836
Iteration,161,Predator,333,Prey,0,Grass,4836
Iteration,162,Predator,318,Prey,0,Grass,4836
Iteration,163,Predator,304,Prey,0,Grass,4836
Iteration,164,Predator,288,Prey,0,Grass,4836
Iteration,165,Predator,282,Prey,0,Grass,4836
Iteration,166,Predator,281,Prey,0,Grass,4836
Iteration,167,Predator,270,Prey,0,Grass,4836
Iteration,168,Predator,262,Prey,0,Grass,4836
Iteration,169,Predator,244,Prey,0,Grass,4836
Iteration,170,Predator,242,Prey,0,Grass,4836
Iteration,171,Predator,236,Prey,0,Grass,4836
Iteration,172,Predator,235,Prey,0,Grass,4836
Iteration,173,Predator,220,Prey,0,Grass,4836
Iteration,174,Predator,208,Prey,0,Grass,4836
Iteration,175,Predator,201,Prey,0,Grass,4836
Iteration,176,Predator,198,Prey,0,Grass,4836
Iteration,177,Predator,185,Prey,0,Grass,4836
Iteration,178,Predator,177,Prey,0,Grass,4836
Iteration,179,Predator,177,Prey,0,Grass,4836
Iteration,180,Predator,168,Prey,0,Grass,4836
Iteration,181,Predator,167,Prey,0,Grass,4836
Iteration,182,Predator,154,Prey,0,Grass,4836
Iteration,183,Predator,140,Prey,0,Grass,4836
Iteration,184,Predator,139,Prey,0,Grass,4836
Iteration,185,Predator,136,Prey,0,Grass,4836
Iteration,186,Predator,126,Prey,0,Grass,4836
Iteration,187,Predator,118,Prey,0,Grass,4836
Iteration,188,Predator,115,Prey,0,Grass,4836
Iteration,189,Predator,115,Prey,0,Grass,4836
Iteration,190,Predator,108,Prey,0,Grass,4836
Iteration,191,Predator,99,Prey,0,Grass,4836
Iteration,192,Predator,102,Prey,0,Grass,4836
Iteration,193,Predator,103,Prey,0,Grass,4836
Iteration,194,Predator,100,Prey,0,Grass,4836
Iteration,195,Predator,96,Prey,0,Grass,4836
Iteration,196,Predator,93,Prey,0,Grass,4836
Iteration,197,Predator,82,Prey,0,Grass,4836
Iteration,198,Predator,84,Prey,0,Grass,4836
Iteration,199,Predator,75,Prey,0,Grass,4836
Iteration,200,Predator,69,Prey,0,Grass,4836
Iteration,201,Predator,68,Prey,0,Grass,4836
Iteration,202,Predator,66,Prey,0,Grass,4836
Iteration,203,Predator,61,Prey,0,Grass,4836
Iteration,204,Predator,57,Prey,0,Grass,4836
Iteration,205,Predator,58,Prey,0,Grass,4836
Iteration,206,Predator,53,Prey,0,Grass,4836
Iteration,207,Predator,49,Prey,0,Grass,4836
Iteration,208,Predator,44,Prey,0,Grass,4836
Iteration,209,Predator,40,Prey,0,Grass,4836
Iteration,210,Predator,39,Prey,0,Grass,4836
Iteration,211,Predator,38,Prey,0,Grass,4836
Iteration,212,Predator,38,Prey,0,Grass,4836
Iteration,213,Predator,36,Prey,0,Grass,4836
Iteration,214,Predator,39,Prey,0,Grass,4836
Iteration,215,Predator,35,Prey,0,Grass,4836
Iteration,216,Predator,36,Prey,0,Grass,4836
Iteration,217,Predator,31,Prey,0,Grass,4836
Iteration,218,Predator,29,Prey,0,Grass,4836
Iteration,219,Predator,29,Prey,0,Grass,4836
Iteration,220,Predator,29,Prey,0,Grass,4836
Iteration,221,Predator,28,Prey,0,Grass,4836
Iteration,222,Predator,27,Prey,0,Grass,4836
Iteration,223,Predator,24,Prey,0,Grass,4836
Iteration,224,Predator,16,Prey,0,Grass,4836
Iteration,225,Predator,14,Prey,0,Grass,4836
Iteration,226,Predator,15,Prey,0,Grass,4836
Iteration,227,Predator,15,Prey,0,Grass,4836
Iteration,228,Predator,15,Prey,0,Grass,4836
Iteration,229,Predator,15,Prey,0,Grass,4836
Iteration,230,Predator,12,Prey,0,Grass,4836
Iteration,231,Predator,13,Prey,0,Grass,4836
Iteration,232,Predator,11,Prey,0,Grass,4836
Iteration,233,Predator,11,Prey,0,Grass,4836
Iteration,234,Predator,12,Prey,0,Grass,4836
Iteration,235,Predator,8,Prey,0,Grass,4836
Iteration,236,Predator,8,Prey,0,Grass,4836
Iteration,237,Predator,6,Prey,0,Grass,4836
Iteration,238,Predator,4,Prey,0,Grass,4836
Iteration,239,Predator,4,Prey,0,Grass,4836
Iteration,240,Predator,4,Prey,0,Grass,4836
Iteration,241,Predator,4,Prey,0,Grass,4836
Iteration,242,Predator,4,Prey,0,Grass,4836
Iteration,243,Predator,4,Prey,0,Grass,4836
Iteration,244,Predator,5,Prey,0,Grass,4836
Iteration,245,Predator,5,Prey,0,Grass,4836
Iteration,246,Predator,5,Prey,0,Grass,4836
Iteration,247,Predator,5,Prey,0,Grass,4836
Iteration,248,Predator,3,Prey,0,Grass,4836
Iteration,249,Predator,1,Prey,0,Grass,4836
Iteration,250,Predator,1,Prey,0,Grass,4836
Iteration,251,Predator,1,Prey,0,Grass,4836
Iteration,252,Predator,1,Prey,0,Grass,4836
Iteration,253,Predator,1,Prey,0,Grass,4836
Iteration,254,Predator,1,Prey,0,Grass,4836
Iteration,255,Predator,1,Prey,0,Grass,4836
Iteration,256,Predator,1,Prey,0,Grass,4836
Iteration,257,Predator,1,Prey,0,Grass,4836
Iteration,258,Predator,1,Prey,0,Grass,4836
Iteration,259,Predator,1,Prey,0,Grass,4836
Iteration,260,Predator,1,Prey,0,Grass,4836
Iteration,261,Predator,1,Prey,0,Grass,4836
Iteration,262,Predator,2,Prey,0,Grass,4836
Iteration,263,Predator,2,Prey,0,Grass,4836
Iteration,264,Predator,2,Prey,0,Grass,4836
Iteration,265,Predator,2,Prey,0,Grass,4836
Iteration,266,Predator,2,Prey,0,Grass,4836
Iteration,267,Predator,2,Prey,0,Grass,4836
Iteration,268,Predator,2,Prey,0,Grass,4836
Iteration,269,Predator,2,Prey,0,Grass,4836
Iteration,270,Predator,2,Prey,0,Grass,4836
Iteration,271,Predator,2,Prey,0,Grass,4836
Iteration,272,Predator,2,Prey,0,Grass,4836
Iteration,273,Predator,2,Prey,0,Grass,4836
Iteration,274,Predator,2,Prey,0,Grass,4836
Iteration,275,Predator,2,Prey,0,Grass,4836
Iteration,276,Predator,0,Prey,0,Grass,4836
Iteration,277,Predator,0,Prey,0,Grass,4836
Iteration,278,Predator,0,Prey,0,Grass,4836
Iteration,279,Predator,0,Prey,0,Grass,4836
Iteration,280,Predator,0,Prey,0,Grass,4836
Iteration,281,Predator,0,Prey,0,Grass,4836
Iteration,282,Predator,0,Prey,0,Grass,4836
Iteration,283,Predator,0,Prey,0,Grass,4836
Iteration,284,Predator,0,Prey,0,Grass,4836
Iteration,285,Predator,0,Prey,0,Grass,4836
Iteration,286,Predator,0,Prey,0,Grass,4836
Iteration,287,Predator,0,Prey,0,Grass,4836
Iteration,288,Predator,0,Prey,0,Grass,4836
Iteration,289,Predator,0,Prey,0,Grass,4836
Iteration,290,Predator,0,Prey,0,Grass,4836
Iteration,291,Predator,0,Prey,0,Grass,4836
Iteration,292,Predator,0,Prey,0,Grass,4836
Iteration,293,Predator,0,Prey,0,Grass,4836
Iteration,294,Predator,0,Prey,0,Grass,4836
Iteration,295,Predator,0,Prey,0,Grass,4836
Iteration,296,Predator,0,Prey,0,Grass,4836
Iteration,297,Predator,0,Prey,0,Grass,4836
Iteration,298,Predator,0,Prey,0,Grass,4836
Iteration,299,Predator,0,Prey,0,Grass,4836
Iteration,300,Predator,0,Prey,0,Grass,4836
Iteration,301,Predator,0,Prey,0,Grass,4836
Iteration,302,Predator,0,Prey,0,Grass,4836
Iteration,303,Predator,0,Prey,0,Grass,4836
Iteration,304,Predator,0,Prey,0,Grass,4836
Iteration,305,Predator,0,Prey,0,Grass,4836
Iteration,306,Predator,0,Prey,0,Grass,4836
Iteration,307,Predator,0,Prey,0,Grass,4836
Iteration,308,Predator,0,Prey,0,Grass,4836
Iteration,309,Predator,0,Prey,0,Grass,4836
Iteration,310,Predator,0,Prey,0,Grass,4836
Iteration,311,Predator,0,Prey,0,Grass,4836
Iteration,312,Predator,0,Prey,0,Grass,4836
Iteration,313,Predator,0,Prey,0,Grass,4836
Iteration,314,Predator,0,Prey,0,Grass,4836
Iteration,315,Predator,0,Prey,0,Grass,4836
Iteration,316,Predator,0,Prey,0,Grass,4836
Iteration,317,Predator,0,Prey,0,Grass,4836
Iteration,318,Predator,0,Prey,0,Grass,4836
Iteration,319,Predator,0,Prey,0,Grass,4836
Iteration,320,Predator,0,Prey,0,Grass,4836
Iteration,321,Predator,0,Prey,0,Grass,4836
Iteration,322,Predator,0,Prey,0,Grass,4836
Iteration,323,Predator,0,Prey,0,Grass,4836
Iteration,324,Predator,0,Prey,0,Grass,4836
Iteration,325,Predator,0,Prey,0,Grass,4836
Iteration,326,Predator,0,Prey,0,Grass,4836
Iteration,327,Predator,0,Prey,0,Grass,4836
Iteration,328,Predator,0,Prey,0,Grass,4836
Iteration,329,Predator,0,Prey,0,Grass,4836
Iteration,330,Predator,0,Prey,0,Grass,4836
Iteration,331,Predator,0,Prey,0,Grass,4836
Iteration,332,Predator,0,Prey,0,Grass,4836
Iteration,333,Predator,0,Prey,0,Grass,4836
Iteration,334,Predator,0,Prey,0,Grass,4836
Iteration,335,Predator,0,Prey,0,Grass,4836
Iteration,336,Predator,0,Prey,0,Grass,4836
Iteration,337,Predator,0,Prey,0,Grass,4836
Iteration,338,Predator,0,Prey,0,Grass,4836
Iteration,339,Predator,0,Prey,0,Grass,4836
Iteration,340,Predator,0,Prey,0,Grass,4836
Iteration,341,Predator,0,Prey,0,Grass,4836
Iteration,342,Predator,0,Prey,0,Grass,4836
Iteration,343,Predator,0,Prey,0,Grass,4836
Iteration,344,Predator,0,Prey,0,Grass,4836
Iteration,345,Predator,0,Prey,0,Grass,4836
Iteration,346,Predator,0,Prey,0,Grass,4836
Iteration,347,Predator,0,Prey,0,Grass,4836
Iteration,348,Predator,0,Prey,0,Grass,4836
Iteration,349,Predator,0,Prey,0,Grass,4836
Iteration,350,Predator,0,Prey,0,Grass,4836
Iteration,351,Predator,0,Prey,0,Grass,4836
Iteration,352,Predator,0,Prey,0,Grass,4836
Iteration,353,Predator,0,Prey,0,Grass,4836
Iteration,354,Predator,0,Prey,0,Grass,4836
Iteration,355,Predator,0,Prey,0,Grass,4836
Iteration,356,Predator,0,Prey,0,Grass,4836
Iteration,357,Predator,0,Prey,0,Grass,4836
Iteration,358,Predator,0,Prey,0,Grass,4836
Iteration,359,Predator,0,Prey,0,Grass,4836
Iteration,360,Predator,0,Prey,0,Grass,4836
Iteration,361,Predator,0,Prey,0,Grass,4836
Iteration,362,Predator,0,Prey,0,Grass,4836
Iteration,363,Predator,0,Prey,0,Grass,4836
Iteration,364,Predator,0,Prey,0,Grass,4836
Iteration,365,Predator,0,Prey,0,Grass,4836
Iteration,366,Predator,0,Prey,0,Grass,4836
Iteration,367,Predator,0,Prey,0,Grass,4836
Iteration,368,Predator,0,Prey,0,Grass,4836
Iteration,369,Predator,0,Prey,0,Grass,4836
Iteration,370,Predator,0,Prey,0,Grass,4836
Iteration,371,Predator,0,Prey,0,Grass,4836
Iteration,372,Predator,0,Prey,0,Grass,4836
Iteration,373,Predator,0,Prey,0,Grass,4836
Iteration,374,Predator,0,Prey,0,Grass,4836
Iteration,375,Predator,0,Prey,0,Grass,4836
Iteration,376,Predator,0,Prey,0,Grass,4836
Iteration,377,Predator,0,Prey,0,Grass,4836
Iteration,378,Predator,0,Prey,0,Grass,4836
Iteration,379,Predator,0,Prey,0,Grass,4836
Iteration,380,Predator,0,Prey,0,Grass,4836
Iteration,381,Predator,0,Prey,0,Grass,4836
Iteration,382,Predator,0,Prey,0,Grass,4836
Iteration,383,Predator,0,Prey,0,Grass,4836
Iteration,384,Predator,0,Prey,0,Grass,4836
Iteration,385,Predator,0,Prey,0,Grass,4836
Iteration,386,Predator,0,Prey,0,Grass,4836
Iteration,387,Predator,0,Prey,0,Grass,4836
Iteration,388,Predator,0,Prey,0,Grass,4836
Iteration,389,Predator,0,Prey,0,Grass,4836
Iteration,390,Predator,0,Prey,0,Grass,4836
Iteration,391,Predator,0,Prey,0,Grass,4836
Iteration,392,Predator,0,Prey,0,Grass,4836
Iteration,393,Predator,0,Prey,0,Grass,4836
Iteration,394,Predator,0,Prey,0,Grass,4836
Iteration,395,Predator,0,Prey,0,Grass,4836
Iteration,396,Predator,0,Prey,0,Grass,4836
Iteration,397,Predator,0,Prey,0,Grass,4836
Iteration,398,Predator,0,Prey,0,Grass,4836
Iteration,399,Predator,0,Prey,0,Grass,4836
Iteration,400,Predator,0,Prey,0,Grass,4836
Iteration,401,Predator,0,Prey,0,Grass,4836
Iteration,402,Predator,0,Prey,0,Grass,4836
Iteration,403,Predator,0,Prey,0,Grass,4836
Iteration,404,Predator,0,Prey,0,Grass,4836
Iteration,405,Predator,0,Prey,0,Grass,4836
Iteration,406,Predator,0,Prey,0,Grass,4836
Iteration,407,Predator,0,Prey,0,Grass,4836
Iteration,408,Predator,0,Prey,0,Grass,4836
Iteration,409,Predator,0,Prey,0,Grass,4836
Iteration,410,Predator,0,Prey,0,Grass,4836
Iteration,411,Predator,0,Prey,0,Grass,4836
Iteration,412,Predator,0,Prey,0,Grass,4836
Iteration,413,Predator,0,Prey,0,Grass,4836
Iteration,414,Predator,0,Prey,0,Grass,4836
Iteration,415,Predator,0,Prey,0,Grass,4836
Iteration,416,Predator,0,Prey,0,Grass,4836
Iteration,417,Predator,0,Prey,0,Grass,4836
Iteration,418,Predator,0,Prey,0,Grass,4836
Iteration,419,Predator,0,Prey,0,Grass,4836
Iteration,420,Predator,0,Prey,0,Grass,4836
Iteration,421,Predator,0,Prey,0,Grass,4836
Iteration,422,Predator,0,Prey,0,Grass,4836
Iteration,423,Predator,0,Prey,0,Grass,4836
Iteration,424,Predator,0,Prey,0,Grass,4836
Iteration,425,Predator,0,Prey,0,Grass,4836
Iteration,426,Predator,0,Prey,0,Grass,4836
Iteration,427,Predator,0,Prey,0,Grass,4836
Iteration,428,Predator,0,Prey,0,Grass,4836
Iteration,429,Predator,0,Prey,0,Grass,4836
Iteration,430,Predator,0,Prey,0,Grass,4836
Iteration,431,Predator,0,Prey,0,Grass,4836
Iteration,432,Predator,0,Prey,0,Grass,4836
Iteration,433,Predator,0,Prey,0,Grass,4836
Iteration,434,Predator,0,Prey,0,Grass,4836
Iteration,435,Predator,0,Prey,0,Grass,4836
Iteration,436,Predator,0,Prey,0,Grass,4836
Iteration,437,Predator,0,Prey,0,Grass,4836
Iteration,438,Predator,0,Prey,0,Grass,4836
Iteration,439,Predator,0,Prey,0,Grass,4836
Iteration,440,Predator,0,Prey,0,Grass,4836
Iteration,441,Predator,0,Prey,0,Grass,4836
Iteration,442,Predator,0,Prey,0,Grass,4836
Iteration,443,Predator,0,Prey,0,Grass,4836
Iteration,444,Predator,0,Prey,0,Grass,4836
Iteration,445,Predator,0,Prey,0,Grass,4836
Iteration,446,Predator,0,Prey,0,Grass,4836
Iteration,447,Predator,0,Prey,0,Grass,4836
Iteration,448,Predator,0,Prey,0,Grass,4836
Iteration,449,Predator,0,Prey,0,Grass,4836
Iteration,450,Predator,0,Prey,0,Grass,4836
Iteration,451,Predator,0,Prey,0,Grass,4836
Iteration,452,Predator,0,Prey,0,Grass,4836
Iteration,453,Predator,0,Prey,0,Grass,4836
Iteration,454,Predator,0,Prey,0,Grass,4836
Iteration,455,Predator,0,Prey,0,Grass,4836
Iteration,456,Predator,0,Prey,0,Grass,4836
Iteration,457,Predator,0,Prey,0,Grass,4836
Iteration,458,Predator,0,Prey,0,Grass,4836
Iteration,459,Predator,0,Prey,0,Grass,4836
Iteration,460,Predator,0,Prey,0,Grass,4836
Iteration,461,Predator,0,Prey,0,Grass,4836
Iteration,462,Predator,0,Prey,0,Grass,4836
Iteration,463,Predator,0,Prey,0,Grass,4836
Iteration,464,Predator,0,Prey,0,Grass,4836
Iteration,465,Predator,0,Prey,0,Grass,4836
Iteration,466,Predator,0,Prey,0,Grass,4836
Iteration,467,Predator,0,Prey,0,Grass,4836
Iteration,468,Predator,0,Prey,0,Grass,4836
Iteration,469,Predator,0,Prey,0,Grass,4836
Iteration,470,Predator,0,Prey,0,Grass,4836
Iteration,471,Predator,0,Prey,0,Grass,4836
Iteration,472,Predator,0,Prey,0,Grass,4836
Iteration,473,Predator,0,Prey,0,Grass,4836
Iteration,474,Predator,0,Prey,0,Grass,4836
Iteration,475,Predator,0,Prey,0,Grass,4836
Iteration,476,Predator,0,Prey,0,Grass,4836
Iteration,477,Predator,0,Prey,0,Grass,4836
Iteration,478,Predator,0,Prey,0,Grass,4836
Iteration,479,Predator,0,Prey,0,Grass,4836
Iteration,480,Predator,0,Prey,0,Grass,4836
Iteration,481,Predator,0,Prey,0,Grass,4836
Iteration,482,Predator,0,Prey,0,Grass,4836
Iteration,483,Predator,0,Prey,0,Grass,4836
Iteration,484,Predator,0,Prey,0,Grass,4836
Iteration,485,Predator,0,Prey,0,Grass,4836
Iteration,486,Predator,0,Prey,0,Grass,4836
Iteration,487,Predator,0,Prey,0,Grass,4836
Iteration,488,Predator,0,Prey,0,Grass,4836
Iteration,489,Predator,0,Prey,0,Grass,4836
Iteration,490,Predator,0,Prey,0,Grass,4836
Iteration,491,Predator,0,Prey,0,Grass,4836
Iteration,492,Predator,0,Prey,0,Grass,4836
Iteration,493,Predator,0,Prey,0,Grass,4836
Iteration,494,Predator,0,Prey,0,Grass,4836
Iteration,495,Predator,0,Prey,0,Grass,4836
Iteration,496,Predator,0,Prey,0,Grass,4836
Iteration,497,Predator,0,Prey,0,Grass,4836
Iteration,498,Predator,0,Prey,0,Grass,4836
Iteration,499,Predator,0,Prey,0,Grass,4836
Iteration,500,Predator,0,Prey,0,Grass,4836
Iteration,501,Predator,0,Prey,0,Grass,4836
Iteration,502,Predator,0,Prey,0,Grass,4836
Iteration,503,Predator,0,Prey,0,Grass,4836
Iteration,504,Predator,0,Prey,0,Grass,4836
Iteration,505,Predator,0,Prey,0,Grass,4836
Iteration,506,Predator,0,Prey,0,Grass,4836
Iteration,507,Predator,0,Prey,0,Grass,4836
Iteration,508,Predator,0,Prey,0,Grass,4836
Iteration,509,Predator,0,Prey,0,Grass,4836
Iteration,510,Predator,0,Prey,0,Grass,4836
Iteration,511,Predator,0,Prey,0,Grass,4836
Iteration,512,Predator,0,Prey,0,Grass,4836
Iteration,513,Predator,0,Prey,0,Grass,4836
Iteration,514,Predator,0,Prey,0,Grass,4836
Iteration,515,Predator,0,Prey,0,Grass,4836
Iteration,516,Predator,0,Prey,0,Grass,4836
Iteration,517,Predator,0,Prey,0,Grass,4836
Iteration,518,Predator,0,Prey,0,Grass,4836
Iteration,519,Predator,0,Prey,0,Grass,4836
Iteration,520,Predator,0,Prey,0,Grass,4836
Iteration,521,Predator,0,Prey,0,Grass,4836
Iteration,522,Predator,0,Prey,0,Grass,4836
Iteration,523,Predator,0,Prey,0,Grass,4836
Iteration,524,Predator,0,Prey,0,Grass,4836
Iteration,525,Predator,0,Prey,0,Grass,4836
Iteration,526,Predator,0,Prey,0,Grass,4836
Iteration,527,Predator,0,Prey,0,Grass,4836
Iteration,528,Predator,0,Prey,0,Grass,4836
Iteration,529,Predator,0,Prey,0,Grass,4836
Iteration,530,Predator,0,Prey,0,Grass,4836
Iteration,531,Predator,0,Prey,0,Grass,4836
Iteration,532,Predator,0,Prey,0,Grass,4836
Iteration,533,Predator,0,Prey,0,Grass,4836
Iteration,534,Predator,0,Prey,0,Grass,4836
Iteration,535,Predator,0,Prey,0,Grass,4836
Iteration,536,Predator,0,Prey,0,Grass,4836
Iteration,537,Predator,0,Prey,0,Grass,4836
Iteration,538,Predator,0,Prey,0,Grass,4836
Iteration,539,Predator,0,Prey,0,Grass,4836
Iteration,540,Predator,0,Prey,0,Grass,4836
Iteration,541,Predator,0,Prey,0,Grass,4836
Iteration,542,Predator,0,Prey,0,Grass,4836
Iteration,543,Predator,0,Prey,0,Grass,4836
Iteration,544,Predator,0,Prey,0,Grass,4836
Iteration,545,Predator,0,Prey,0,Grass,4836
Iteration,546,Predator,0,Prey,0,Grass,4836
Iteration,547,Predator,0,Prey,0,Grass,4836
Iteration,548,Predator,0,Prey,0,Grass,4836
Iteration,549,Predator,0,Prey,0,Grass,4836
Iteration,550,Predator,0,Prey,0,Grass,4836
Iteration,551,Predator,0,Prey,0,Grass,4836
Iteration,552,Predator,0,Prey,0,Grass,4836
Iteration,553,Predator,0,Prey,0,Grass,4836
Iteration,554,Predator,0,Prey,0,Grass,4836
Iteration,555,Predator,0,Prey,0,Grass,4836
Iteration,556,Predator,0,Prey,0,Grass,4836
Iteration,557,Predator,0,Prey,0,Grass,4836
Iteration,558,Predator,0,Prey,0,Grass,4836
Iteration,559,Predator,0,Prey,0,Grass,4836
Iteration,560,Predator,0,Prey,0,Grass,4836
Iteration,561,Predator,0,Prey,0,Grass,4836
Iteration,562,Predator,0,Prey,0,Grass,4836
Iteration,563,Predator,0,Prey,0,Grass,4836
Iteration,564,Predator,0,Prey,0,Grass,4836
Iteration,565,Predator,0,Prey,0,Grass,4836
Iteration,566,Predator,0,Prey,0,Grass,4836
Iteration,567,Predator,0,Prey,0,Grass,4836
Iteration,568,Predator,0,Prey,0,Grass,4836
Iteration,569,Predator,0,Prey,0,Grass,4836
Iteration,570,Predator,0,Prey,0,Grass,4836
Iteration,571,Predator,0,Prey,0,Grass,4836
Iteration,572,Predator,0,Prey,0,Grass,4836
Iteration,573,Predator,0,Prey,0,Grass,4836
Iteration,574,Predator,0,Prey,0,Grass,4836
Iteration,575,Predator,0,Prey,0,Grass,4836
Iteration,576,Predator,0,Prey,0,Grass,4836
Iteration,577,Predator,0,Prey,0,Grass,4836
Iteration,578,Predator,0,Prey,0,Grass,4836
Iteration,579,Predator,0,Prey,0,Grass,4836
Iteration,580,Predator,0,Prey,0,Grass,4836
Iteration,581,Predator,0,Prey,0,Grass,4836
Iteration,582,Predator,0,Prey,0,Grass,4836
Iteration,583,Predator,0,Prey,0,Grass,4836
Iteration,584,Predator,0,Prey,0,Grass,4836
Iteration,585,Predator,0,Prey,0,Grass,4836
Iteration,586,Predator,0,Prey,0,Grass,4836
Iteration,587,Predator,0,Prey,0,Grass,4836
Iteration,588,Predator,0,Prey,0,Grass,4836
Iteration,589,Predator,0,Prey,0,Grass,4836
Iteration,590,Predator,0,Prey,0,Grass,4836
Iteration,591,Predator,0,Prey,0,Grass,4836
Iteration,592,Predator,0,Prey,0,Grass,4836
Iteration,593,Predator,0,Prey,0,Grass,4836
Iteration,594,Predator,0,Prey,0,Grass,4836
Iteration,595,Predator,0,Prey,0,Grass,4836
Iteration,596,Predator,0,Prey,0,Grass,4836
Iteration,597,Predator,0,Prey,0,Grass,4836
Iteration,598,Predator,0,Prey,0,Grass,4836
Iteration,599,Predator,0,Prey,0,Grass,4836
Iteration,600,Predator,0,Prey,0,Grass,4836
Iteration,601,Predator,0,Prey,0,Grass,4836
Iteration,602,Predator,0,Prey,0,Grass,4836
Iteration,603,Predator,0,Prey,0,Grass,4836
Iteration,604,Predator,0,Prey,0,Grass,4836
Iteration,605,Predator,0,Prey,0,Grass,4836
Iteration,606,Predator,0,Prey,0,Grass,4836
Iteration,607,Predator,0,Prey,0,Grass,4836
Iteration,608,Predator,0,Prey,0,Grass,4836
Iteration,609,Predator,0,Prey,0,Grass,4836
Iteration,610,Predator,0,Prey,0,Grass,4836
Iteration,611,Predator,0,Prey,0,Grass,4836
Iteration,612,Predator,0,Prey,0,Grass,4836
Iteration,613,Predator,0,Prey,0,Grass,4836
Iteration,614,Predator,0,Prey,0,Grass,4836
Iteration,615,Predator,0,Prey,0,Grass,4836
Iteration,616,Predator,0,Prey,0,Grass,4836
Iteration,617,Predator,0,Prey,0,Grass,4836
Iteration,618,Predator,0,Prey,0,Grass,4836
Iteration,619,Predator,0,Prey,0,Grass,4836
Iteration,620,Predator,0,Prey,0,Grass,4836
Iteration,621,Predator,0,Prey,0,Grass,4836
Iteration,622,Predator,0,Prey,0,Grass,4836
Iteration,623,Predator,0,Prey,0,Grass,4836
Iteration,624,Predator,0,Prey,0,Grass,4836
Iteration,625,Predator,0,Prey,0,Grass,4836
Iteration,626,Predator,0,Prey,0,Grass,4836
Iteration,627,Predator,0,Prey,0,Grass,4836
Iteration,628,Predator,0,Prey,0,Grass,4836
Iteration,629,Predator,0,Prey,0,Grass,4836
Iteration,630,Predator,0,Prey,0,Grass,4836
Iteration,631,Predator,0,Prey,0,Grass,4836
Iteration,632,Predator,0,Prey,0,Grass,4836
Iteration,633,Predator,0,Prey,0,Grass,4836
Iteration,634,Predator,0,Prey,0,Grass,4836
Iteration,635,Predator,0,Prey,0,Grass,4836
Iteration,636,Predator,0,Prey,0,Grass,4836
Iteration,637,Predator,0,Prey,0,Grass,4836
Iteration,638,Predator,0,Prey,0,Grass,4836
Iteration,639,Predator,0,Prey,0,Grass,4836
Iteration,640,Predator,0,Prey,0,Grass,4836
Iteration,641,Predator,0,Prey,0,Grass,4836
Iteration,642,Predator,0,Prey,0,Grass,4836
Iteration,643,Predator,0,Prey,0,Grass,4836
Iteration,644,Predator,0,Prey,0,Grass,4836
Iteration,645,Predator,0,Prey,0,Grass,4836
Iteration,646,Predator,0,Prey,0,Grass,4836
Iteration,647,Predator,0,Prey,0,Grass,4836
Iteration,648,Predator,0,Prey,0,Grass,4836
Iteration,649,Predator,0,Prey,0,Grass,4836
Iteration,650,Predator,0,Prey,0,Grass,4836
Iteration,651,Predator,0,Prey,0,Grass,4836
Iteration,652,Predator,0,Prey,0,Grass,4836
Iteration,653,Predator,0,Prey,0,Grass,4836
Iteration,654,Predator,0,Prey,0,Grass,4836
Iteration,655,Predator,0,Prey,0,Grass,4836
Iteration,656,Predator,0,Prey,0,Grass,4836
Iteration,657,Predator,0,Prey,0,Grass,4836
Iteration,658,Predator,0,Prey,0,Grass,4836
Iteration,659,Predator,0,Prey,0,Grass,4836
Iteration,660,Predator,0,Prey,0,Grass,4836
Iteration,661,Predator,0,Prey,0,Grass,4836
Iteration,662,Predator,0,Prey,0,Grass,4836
Iteration,663,Predator,0,Prey,0,Grass,4836
Iteration,664,Predator,0,Prey,0,Grass,4836
Iteration,665,Predator,0,Prey,0,Grass,4836
Iteration,666,Predator,0,Prey,0,Grass,4836
Iteration,667,Predator,0,Prey,0,Grass,4836
Iteration,668,Predator,0,Prey,0,Grass,4836
Iteration,669,Predator,0,Prey,0,Grass,4836
Iteration,670,Predator,0,Prey,0,Grass,4836
Iteration,671,Predator,0,Prey,0,Grass,4836
Iteration,672,Predator,0,Prey,0,Grass,4836
Iteration,673,Predator,0,Prey,0,Grass,4836
Iteration,674,Predator,0,Prey,0,Grass,4836
Iteration,675,Predator,0,Prey,0,Grass,4836
Iteration,676,Predator,0,Prey,0,Grass,4836
Iteration,677,Predator,0,Prey,0,Grass,4836
Iteration,678,Predator,0,Prey,0,Grass,4836
Iteration,679,Predator,0,Prey,0,Grass,4836
Iteration,680,Predator,0,Prey,0,Grass,4836
Iteration,681,Predator,0,Prey,0,Grass,4836
Iteration,682,Predator,0,Prey,0,Grass,4836
Iteration,683,Predator,0,Prey,0,Grass,4836
Iteration,684,Predator,0,Prey,0,Grass,4836
Iteration,685,Predator,0,Prey,0,Grass,4836
Iteration,686,Predator,0,Prey,0,Grass,4836
Iteration,687,Predator,0,Prey,0,Grass,4836
Iteration,688,Predator,0,Prey,0,Grass,4836
Iteration,689,Predator,0,Prey,0,Grass,4836
Iteration,690,Predator,0,Prey,0,Grass,4836
Iteration,691,Predator,0,Prey,0,Grass,4836
Iteration,692,Predator,0,Prey,0,Grass,4836
Iteration,693,Predator,0,Prey,0,Grass,4836
Iteration,694,Predator,0,Prey,0,Grass,4836
Iteration,695,Predator,0,Prey,0,Grass,4836
Iteration,696,Predator,0,Prey,0,Grass,4836
Iteration,697,Predator,0,Prey,0,Grass,4836
Iteration,698,Predator,0,Prey,0,Grass,4836
Iteration,699,Predator,0,Prey,0,Grass,4836
Iteration,700,Predator,0,Prey,0,Grass,4836
Iteration,701,Predator,0,Prey,0,Grass,4836
Iteration,702,Predator,0,Prey,0,Grass,4836
Iteration,703,Predator,0,Prey,0,Grass,4836
Iteration,704,Predator,0,Prey,0,Grass,4836
Iteration,705,Predator,0,Prey,0,Grass,4836
Iteration,706,Predator,0,Prey,0,Grass,4836
Iteration,707,Predator,0,Prey,0,Grass,4836
Iteration,708,Predator,0,Prey,0,Grass,4836
Iteration,709,Predator,0,Prey,0,Grass,4836
Iteration,710,Predator,0,Prey,0,Grass,4836
Iteration,711,Predator,0,Prey,0,Grass,4836
Iteration,712,Predator,0,Prey,0,Grass,4836
Iteration,713,Predator,0,Prey,0,Grass,4836
Iteration,714,Predator,0,Prey,0,Grass,4836
Iteration,715,Predator,0,Prey,0,Grass,4836
Iteration,716,Predator,0,Prey,0,Grass,4836
Iteration,717,Predator,0,Prey,0,Grass,4836
Iteration,718,Predator,0,Prey,0,Grass,4836
Iteration,719,Predator,0,Prey,0,Grass,4836
Iteration,720,Predator,0,Prey,0,Grass,4836
Iteration,721,Predator,0,Prey,0,Grass,4836
Iteration,722,Predator,0,Prey,0,Grass,4836
Iteration,723,Predator,0,Prey,0,Grass,4836
Iteration,724,Predator,0,Prey,0,Grass,4836
Iteration,725,Predator,0,Prey,0,Grass,4836
Iteration,726,Predator,0,Prey,0,Grass,4836
Iteration,727,Predator,0,Prey,0,Grass,4836
Iteration,728,Predator,0,Prey,0,Grass,4836
Iteration,729,Predator,0,Prey,0,Grass,4836
Iteration,730,Predator,0,Prey,0,Grass,4836
Iteration,731,Predator,0,Prey,0,Grass,4836
Iteration,732,Predator,0,Prey,0,Grass,4836
Iteration,733,Predator,0,Prey,0,Grass,4836
Iteration,734,Predator,0,Prey,0,Grass,4836
Iteration,735,Predator,0,Prey,0,Grass,4836
Iteration,736,Predator,0,Prey,0,Grass,4836
Iteration,737,Predator,0,Prey,0,Grass,4836
Iteration,738,Predator,0,Prey,0,Grass,4836
Iteration,739,Predator,0,Prey,0,Grass,4836
Iteration,740,Predator,0,Prey,0,Grass,4836
Iteration,741,Predator,0,Prey,0,Grass,4836
Iteration,742,Predator,0,Prey,0,Grass,4836
Iteration,743,Predator,0,Prey,0,Grass,4836
Iteration,744,Predator,0,Prey,0,Grass,4836
Iteration,745,Predator,0,Prey,0,Grass,4836
Iteration,746,Predator,0,Prey,0,Grass,4836
Iteration,747,Predator,0,Prey,0,Grass,4836
Iteration,748,Predator,0,Prey,0,Grass,4836
Iteration,749,Predator,0,Prey,0,Grass,4836
Iteration,750,Predator,0,Prey,0,Grass,4836
Iteration,751,Predator,0,Prey,0,Grass,4836
Iteration,752,Predator,0,Prey,0,Grass,4836
Iteration,753,Predator,0,Prey,0,Grass,4836
Iteration,754,Predator,0,Prey,0,Grass,4836
Iteration,755,Predator,0,Prey,0,Grass,4836
Iteration,756,Predator,0,Prey,0,Grass,4836
Iteration,757,Predator,0,Prey,0,Grass,4836
Iteration,758,Predator,0,Prey,0,Grass,4836
Iteration,759,Predator,0,Prey,0,Grass,4836
Iteration,760,Predator,0,Prey,0,Grass,4836
Iteration,761,Predator,0,Prey,0,Grass,4836
Iteration,762,Predator,0,Prey,0,Grass,4836
Iteration,763,Predator,0,Prey,0,Grass,4836
Iteration,764,Predator,0,Prey,0,Grass,4836
Iteration,765,Predator,0,Prey,0,Grass,4836
Iteration,766,Predator,0,Prey,0,Grass,4836
Iteration,767,Predator,0,Prey,0,Grass,4836
Iteration,768,Predator,0,Prey,0,Grass,4836
Iteration,769,Predator,0,Prey,0,Grass,4836
Iteration,770,Predator,0,Prey,0,Grass,4836
Iteration,771,Predator,0,Prey,0,Grass,4836
Iteration,772,Predator,0,Prey,0,Grass,4836
Iteration,773,Predator,0,Prey,0,Grass,4836
Iteration,774,Predator,0,Prey,0,Grass,4836
Iteration,775,Predator,0,Prey,0,Grass,4836
Iteration,776,Predator,0,Prey,0,Grass,4836
Iteration,777,Predator,0,Prey,0,Grass,4836
Iteration,778,Predator,0,Prey,0,Grass,4836
Iteration,779,Predator,0,Prey,0,Grass,4836
Iteration,780,Predator,0,Prey,0,Grass,4836
Iteration,781,Predator,0,Prey,0,Grass,4836
Iteration,782,Predator,0,Prey,0,Grass,4836
Iteration,783,Predator,0,Prey,0,Grass,4836
Iteration,784,Predator,0,Prey,0,Grass,4836
Iteration,785,Predator,0,Prey,0,Grass,4836
Iteration,786,Predator,0,Prey,0,Grass,4836
Iteration,787,Predator,0,Prey,0,Grass,4836
Iteration,788,Predator,0,Prey,0,Grass,4836
Iteration,789,Predator,0,Prey,0,Grass,4836
Iteration,790,Predator,0,Prey,0,Grass,4836
Iteration,791,Predator,0,Prey,0,Grass,4836
Iteration,792,Predator,0,Prey,0,Grass,4836
Iteration,793,Predator,0,Prey,0,Grass,4836
Iteration,794,Predator,0,Prey,0,Grass,4836
Iteration,795,Predator,0,Prey,0,Grass,4836
Iteration,796,Predator,0,Prey,0,Grass,4836
Iteration,797,Predator,0,Prey,0,Grass,4836
Iteration,798,Predator,0,Prey,0,Grass,4836
Iteration,799,Predator,0,Prey,0,Grass,4836
Iteration,800,Predator,0,Prey,0,Grass,4836
Iteration,801,Predator,0,Prey,0,Grass,4836
Iteration,802,Predator,0,Prey,0,Grass,4836
Iteration,803,Predator,0,Prey,0,Grass,4836
Iteration,804,Predator,0,Prey,0,Grass,4836
Iteration,805,Predator,0,Prey,0,Grass,4836
Iteration,806,Predator,0,Prey,0,Grass,4836
Iteration,807,Predator,0,Prey,0,Grass,4836
Iteration,808,Predator,0,Prey,0,Grass,4836
Iteration,809,Predator,0,Prey,0,Grass,4836
Iteration,810,Predator,0,Prey,0,Grass,4836
Iteration,811,Predator,0,Prey,0,Grass,4836
Iteration,812,Predator,0,Prey,0,Grass,4836
Iteration,813,Predator,0,Prey,0,Grass,4836
Iteration,814,Predator,0,Prey,0,Grass,4836
Iteration,815,Predator,0,Prey,0,Grass,4836
Iteration,816,Predator,0,Prey,0,Grass,4836
Iteration,817,Predator,0,Prey,0,Grass,4836
Iteration,818,Predator,0,Prey,0,Grass,4836
Iteration,819,Predator,0,Prey,0,Grass,4836
Iteration,820,Predator,0,Prey,0,Grass,4836
Iteration,821,Predator,0,Prey,0,Grass,4836
Iteration,822,Predator,0,Prey,0,Grass,4836
Iteration,823,Predator,0,Prey,0,Grass,4836
Iteration,824,Predator,0,Prey,0,Grass,4836
Iteration,825,Predator,0,Prey,0,Grass,4836
Iteration,826,Predator,0,Prey,0,Grass,4836
Iteration,827,Predator,0,Prey,0,Grass,4836
Iteration,828,Predator,0,Prey,0,Grass,4836
Iteration,829,Predator,0,Prey,0,Grass,4836
Iteration,830,Predator,0,Prey,0,Grass,4836
Iteration,831,Predator,0,Prey,0,Grass,4836
Iteration,832,Predator,0,Prey,0,Grass,4836
Iteration,833,Predator,0,Prey,0,Grass,4836
Iteration,834,Predator,0,Prey,0,Grass,4836
Iteration,835,Predator,0,Prey,0,Grass,4836
Iteration,836,Predator,0,Prey,0,Grass,4836
Iteration,837,Predator,0,Prey,0,Grass,4836
Iteration,838,Predator,0,Prey,0,Grass,4836
Iteration,839,Predator,0,Prey,0,Grass,4836
Iteration,840,Predator,0,Prey,0,Grass,4836
Iteration,841,Predator,0,Prey,0,Grass,4836
Iteration,842,Predator,0,Prey,0,Grass,4836
Iteration,843,Predator,0,Prey,0,Grass,4836
Iteration,844,Predator,0,Prey,0,Grass,4836
Iteration,845,Predator,0,Prey,0,Grass,4836
Iteration,846,Predator,0,Prey,0,Grass,4836
Iteration,847,Predator,0,Prey,0,Grass,4836
Iteration,848,Predator,0,Prey,0,Grass,4836
Iteration,849,Predator,0,Prey,0,Grass,4836
Iteration,850,Predator,0,Prey,0,Grass,4836
Iteration,851,Predator,0,Prey,0,Grass,4836
Iteration,852,Predator,0,Prey,0,Grass,4836
Iteration,853,Predator,0,Prey,0,Grass,4836
Iteration,854,Predator,0,Prey,0,Grass,4836
Iteration,855,Predator,0,Prey,0,Grass,4836
Iteration,856,Predator,0,Prey,0,Grass,4836
Iteration,857,Predator,0,Prey,0,Grass,4836
Iteration,858,Predator,0,Prey,0,Grass,4836
Iteration,859,Predator,0,Prey,0,Grass,4836
Iteration,860,Predator,0,Prey,0,Grass,4836
Iteration,861,Predator,0,Prey,0,Grass,4836
Iteration,862,Predator,0,Prey,0,Grass,4836
Iteration,863,Predator,0,Prey,0,Grass,4836
Iteration,864,Predator,0,Prey,0,Grass,4836
Iteration,865,Predator,0,Prey,0,Grass,4836
Iteration,866,Predator,0,Prey,0,Grass,4836
Iteration,867,Predator,0,Prey,0,Grass,4836
Iteration,868,Predator,0,Prey,0,Grass,4836
Iteration,869,Predator,0,Prey,0,Grass,4836
Iteration,870,Predator,0,Prey,0,Grass,4836
Iteration,871,Predator,0,Prey,0,Grass,4836
Iteration,872,Predator,0,Prey,0,Grass,4836
Iteration,873,Predator,0,Prey,0,Grass,4836
Iteration,874,Predator,0,Prey,0,Grass,4836
Iteration,875,Predator,0,Prey,0,Grass,4836
Iteration,876,Predator,0,Prey,0,Grass,4836
Iteration,877,Predator,0,Prey,0,Grass,4836
Iteration,878,Predator,0,Prey,0,Grass,4836
Iteration,879,Predator,0,Prey,0,Grass,4836
Iteration,880,Predator,0,Prey,0,Grass,4836
Iteration,881,Predator,0,Prey,0,Grass,4836
Iteration,882,Predator,0,Prey,0,Grass,4836
Iteration,883,Predator,0,Prey,0,Grass,4836
Iteration,884,Predator,0,Prey,0,Grass,4836
Iteration,885,Predator,0,Prey,0,Grass,4836
Iteration,886,Predator,0,Prey,0,Grass,4836
Iteration,887,Predator,0,Prey,0,Grass,4836
Iteration,888,Predator,0,Prey,0,Grass,4836
Iteration,889,Predator,0,Prey,0,Grass,4836
Iteration,890,Predator,0,Prey,0,Grass,4836
Iteration,891,Predator,0,Prey,0,Grass,4836
Iteration,892,Predator,0,Prey,0,Grass,4836
Iteration,893,Predator,0,Prey,0,Grass,4836
Iteration,894,Predator,0,Prey,0,Grass,4836
Iteration,895,Predator,0,Prey,0,Grass,4836
Iteration,896,Predator,0,Prey,0,Grass,4836
Iteration,897,Predator,0,Prey,0,Grass,4836
Iteration,898,Predator,0,Prey,0,Grass,4836
Iteration,899,Predator,0,Prey,0,Grass,4836
Iteration,900,Predator,0,Prey,0,Grass,4836
Iteration,901,Predator,0,Prey,0,Grass,4836
Iteration,902,Predator,0,Prey,0,Grass,4836
Iteration,903,Predator,0,Prey,0,Grass,4836
Iteration,904,Predator,0,Prey,0,Grass,4836
Iteration,905,Predator,0,Prey,0,Grass,4836
Iteration,906,Predator,0,Prey,0,Grass,4836
Iteration,907,Predator,0,Prey,0,Grass,4836
Iteration,908,Predator,0,Prey,0,Grass,4836
Iteration,909,Predator,0,Prey,0,Grass,4836
Iteration,910,Predator,0,Prey,0,Grass,4836
Iteration,911,Predator,0,Prey,0,Grass,4836
Iteration,912,Predator,0,Prey,0,Grass,4836
Iteration,913,Predator,0,Prey,0,Grass,4836
Iteration,914,Predator,0,Prey,0,Grass,4836
Iteration,915,Predator,0,Prey,0,Grass,4836
Iteration,916,Predator,0,Prey,0,Grass,4836
Iteration,917,Predator,0,Prey,0,Grass,4836
Iteration,918,Predator,0,Prey,0,Grass,4836
Iteration,919,Predator,0,Prey,0,Grass,4836
Iteration,920,Predator,0,Prey,0,Grass,4836
Iteration,921,Predator,0,Prey,0,Grass,4836
Iteration,922,Predator,0,Prey,0,Grass,4836
Iteration,923,Predator,0,Prey,0,Grass,4836
Iteration,924,Predator,0,Prey,0,Grass,4836
Iteration,925,Predator,0,Prey,0,Grass,4836
Iteration,926,Predator,0,Prey,0,Grass,4836
Iteration,927,Predator,0,Prey,0,Grass,4836
Iteration,928,Predator,0,Prey,0,Grass,4836
Iteration,929,Predator,0,Prey,0,Grass,4836
Iteration,930,Predator,0,Prey,0,Grass,4836
Iteration,931,Predator,0,Prey,0,Grass,4836
Iteration,932,Predator,0,Prey,0,Grass,4836
Iteration,933,Predator,0,Prey,0,Grass,4836
Iteration,934,Predator,0,Prey,0,Grass,4836
Iteration,935,Predator,0,Prey,0,Grass,4836
Iteration,936,Predator,0,Prey,0,Grass,4836
Iteration,937,Predator,0,Prey,0,Grass,4836
Iteration,938,Predator,0,Prey,0,Grass,4836
Iteration,939,Predator,0,Prey,0,Grass,4836
Iteration,940,Predator,0,Prey,0,Grass,4836
Iteration,941,Predator,0,Prey,0,Grass,4836
Iteration,942,Predator,0,Prey,0,Grass,4836
Iteration,943,Predator,0,Prey,0,Grass,4836
Iteration,944,Predator,0,Prey,0,Grass,4836
Iteration,945,Predator,0,Prey,0,Grass,4836
Iteration,946,Predator,0,Prey,0,Grass,4836
Iteration,947,Predator,0,Prey,0,Grass,4836
Iteration,948,Predator,0,Prey,0,Grass,4836
Iteration,949,Predator,0,Prey,0,Grass,4836
Iteration,950,Predator,0,Prey,0,Grass,4836
Iteration,951,Predator,0,Prey,0,Grass,4836
Iteration,952,Predator,0,Prey,0,Grass,4836
Iteration,953,Predator,0,Prey,0,Grass,4836
Iteration,954,Predator,0,Prey,0,Grass,4836
Iteration,955,Predator,0,Prey,0,Grass,4836
Iteration,956,Predator,0,Prey,0,Grass,4836
Iteration,957,Predator,0,Prey,0,Grass,4836
Iteration,958,Predator,0,Prey,0,Grass,4836
Iteration,959,Predator,0,Prey,0,Grass,4836
Iteration,960,Predator,0,Prey,0,Grass,4836
Iteration,961,Predator,0,Prey,0,Grass,4836
Iteration,962,Predator,0,Prey,0,Grass,4836
Iteration,963,Predator,0,Prey,0,Grass,4836
Iteration,964,Predator,0,Prey,0,Grass,4836
Iteration,965,Predator,0,Prey,0,Grass,4836
Iteration,966,Predator,0,Prey,0,Grass,4836
Iteration,967,Predator,0,Prey,0,Grass,4836
Iteration,968,Predator,0,Prey,0,Grass,4836
Iteration,969,Predator,0,Prey,0,Grass,4836
Iteration,970,Predator,0,Prey,0,Grass,4836
Iteration,971,Predator,0,Prey,0,Grass,4836
Iteration,972,Predator,0,Prey,0,Grass,4836
Iteration,973,Predator,0,Prey,0,Grass,4836
Iteration,974,Predator,0,Prey,0,Grass,4836
Iteration,975,Predator,0,Prey,0,Grass,4836
Iteration,976,Predator,0,Prey,0,Grass,4836
Iteration,977,Predator,0,Prey,0,Grass,4836
Iteration,978,Predator,0,Prey,0,Grass,4836
Iteration,979,Predator,0,Prey,0,Grass,4836
Iteration,980,Predator,0,Prey,0,Grass,4836
Iteration,981,Predator,0,Prey,0,Grass,4836
Iteration,982,Predator,0,Prey,0,Grass,4836
Iteration,983,Predator,0,Prey,0,Grass,4836
Iteration,984,Predator,0,Prey,0,Grass,4836
Iteration,985,Predator,0,Prey,0,Grass,4836
Iteration,986,Predator,0,Prey,0,Grass,4836
Iteration,987,Predator,0,Prey,0,Grass,4836
Iteration,988,Predator,0,Prey,0,Grass,4836
Iteration,989,Predator,0,Prey,0,Grass,4836
Iteration,990,Predator,0,Prey,0,Grass,4836
Iteration,991,Predator,0,Prey,0,Grass,4836
Iteration,992,Predator,0,Prey,0,Grass,4836
Iteration,993,Predator,0,Prey,0,Grass,4836
Iteration,994,Predator,0,Prey,0,Grass,4836
Iteration,995,Predator,0,Prey,0,Grass,4836
Iteration,996,Predator,0,Prey,0,Grass,4836
Iteration,997,Predator,0,Prey,0,Grass,4836
Iteration,998,Predator,0,Prey,0,Grass,4836
Iteration,999,Predator,0,Prey,0,Grass,4836
Iteration,1000,Predator,0,Prey,0,Grass,4836
