Iteration,0,Predator,1606,Prey,4513,Grass,1976
Iteration,1,Predator,1972,Prey,3176,Grass,499
Iteration,2,Predator,2432,Prey,3024,Grass,408
Iteration,3,Predator,2988,Prey,2625,Grass,339
Iteration,4,Predator,3668,Prey,2143,Grass,307
Iteration,5,Predator,4508,Prey,1660,Grass,286
Iteration,6,Predator,5514,Prey,1169,Grass,264
Iteration,7,Predator,6698,Prey,730,Grass,250
Iteration,8,Predator,8077,Prey,434,Grass,239
Iteration,9,Predator,9770,Prey,215,Grass,236
Iteration,10,Predator,11824,Prey,87,Grass,235
Iteration,11,Predator,14151,Prey,33,Grass,233
Iteration,12,Predator,16502,Prey,11,Grass,233
Iteration,13,Predator,19234,Prey,8,Grass,233
Iteration,14,Predator,21759,Prey,3,Grass,233
Iteration,15,Predator,24014,Prey,1,Grass,233
Iteration,16,Predator,25842,Prey,0,Grass,233
Iteration,17,Predator,27421,Prey,0,Grass,233
Iteration,18,Predator,28149,Prey,0,Grass,233
Iteration,19,Predator,28435,Prey,0,Grass,233
Iteration,20,Predator,27930,Prey,0,Grass,233
Iteration,21,Predator,26875,Prey,0,Grass,233
Iteration,22,Predator,25453,Prey,0,Grass,233
Iteration,23,Predator,23762,Prey,0,Grass,233
Iteration,24,Predator,21846,Prey,0,Grass,233
Iteration,25,Predator,19898,Prey,0,Grass,233
Iteration,26,Predator,17606,Prey,0,Grass,233
Iteration,27,Predator,15641,Prey,0,Grass,233
Iteration,28,Predator,13713,Prey,0,Grass,233
Iteration,29,Predator,11726,Prey,0,Grass,233
Iteration,30,Predator,10066,Prey,0,Grass,233
Iteration,31,Predator,8641,Prey,0,Grass,233
Iteration,32,Predator,7350,Prey,0,Grass,233
Iteration,33,Predator,6232,Prey,0,Grass,1710
Iteration,34,Predator,5232,Prey,0,Grass,1801
Iteration,35,Predator,4473,Prey,0,Grass,1870
Iteration,36,Predator,3740,Prey,0,Grass,1902
Iteration,37,Predator,3104,Prey,0,Grass,1923
Iteration,38,Predator,2614,Prey,0,Grass,1945
Iteration,39,Predator,2122,Prey,0,Grass,1959
Iteration,40,Predator,1786,Prey,0,Grass,1970
Iteration,41,Predator,1414,Prey,0,Grass,1973
Iteration,42,Predator,1127,Prey,0,Grass,1974
Iteration,43,Predator,913,Prey,0,Grass,1976
Iteration,44,Predator,748,Prey,0,Grass,1976
Iteration,45,Predator,589,Prey,0,Grass,1976
Iteration,46,Predator,472,Prey,0,Grass,1976
Iteration,47,Predator,318,Prey,0,Grass,1976
Iteration,48,Predator,253,Prey,0,Grass,1976
Iteration,49,Predator,189,Prey,0,Grass,1976
Iteration,50,Predator,133,Prey,0,Grass,1976
Iteration,51,Predator,104,Prey,0,Grass,1976
Iteration,52,Predator,94,Prey,0,Grass,1976
Iteration,53,Predator,64,Prey,0,Grass,1976
Iteration,54,Predator,46,Prey,0,Grass,1976
Iteration,55,Predator,50,Prey,0,Grass,1976
Iteration,56,Predator,43,Prey,0,Grass,1976
Iteration,57,Predator,37,Prey,0,Grass,1976
Iteration,58,Predator,29,Prey,0,Grass,1976
Iteration,59,Predator,23,Prey,0,Grass,1976
Iteration,60,Predator,20,Prey,0,Grass,1976
Iteration,61,Predator,11,Prey,0,Grass,1976
Iteration,62,Predator,8,Prey,0,Grass,1976
Iteration,63,Predator,7,Prey,0,Grass,1976
Iteration,64,Predator,5,Prey,0,Grass,1976
Iteration,65,Predator,3,Prey,0,Grass,1976
Iteration,66,Predator,3,Prey,0,Grass,1976
Iteration,67,Predator,5,Prey,0,Grass,1976
Iteration,68,Predator,0,Prey,0,Grass,1976
Iteration,69,Predator,0,Prey,0,Grass,1976
Iteration,70,Predator,0,Prey,0,Grass,1976
Iteration,71,Predator,0,Prey,0,Grass,1976
Iteration,72,Predator,0,Prey,0,Grass,1976
Iteration,73,Predator,0,Prey,0,Grass,1976
Iteration,74,Predator,0,Prey,0,Grass,1976
Iteration,75,Predator,0,Prey,0,Grass,1976
Iteration,76,Predator,0,Prey,0,Grass,1976
Iteration,77,Predator,0,Prey,0,Grass,1976
Iteration,78,Predator,0,Prey,0,Grass,1976
Iteration,79,Predator,0,Prey,0,Grass,1976
Iteration,80,Predator,0,Prey,0,Grass,1976
Iteration,81,Predator,0,Prey,0,Grass,1976
Iteration,82,Predator,0,Prey,0,Grass,1976
Iteration,83,Predator,0,Prey,0,Grass,1976
Iteration,84,Predator,0,Prey,0,Grass,1976
Iteration,85,Predator,0,Prey,0,Grass,1976
Iteration,86,Predator,0,Prey,0,Grass,1976
Iteration,87,Predator,0,Prey,0,Grass,1976
Iteration,88,Predator,0,Prey,0,Grass,1976
Iteration,89,Predator,0,Prey,0,Grass,1976
Iteration,90,Predator,0,Prey,0,Grass,1976
Iteration,91,Predator,0,Prey,0,Grass,1976
Iteration,92,Predator,0,Prey,0,Grass,1976
Iteration,93,Predator,0,Prey,0,Grass,1976
Iteration,94,Predator,0,Prey,0,Grass,1976
Iteration,95,Predator,0,Prey,0,Grass,1976
Iteration,96,Predator,0,Prey,0,Grass,1976
Iteration,97,Predator,0,Prey,0,Grass,1976
Iteration,98,Predator,0,Prey,0,Grass,1976
Iteration,99,Predator,0,Prey,0,Grass,1976
Iteration,100,Predator,0,Prey,0,Grass,1976
Iteration,101,Predator,0,Prey,0,Grass,1976
Iteration,102,Predator,0,Prey,0,Grass,1976
Iteration,103,Predator,0,Prey,0,Grass,1976
Iteration,104,Predator,0,Prey,0,Grass,1976
Iteration,105,Predator,0,Prey,0,Grass,1976
Iteration,106,Predator,0,Prey,0,Grass,1976
Iteration,107,Predator,0,Prey,0,Grass,1976
Iteration,108,Predator,0,Prey,0,Grass,1976
Iteration,109,Predator,0,Prey,0,Grass,1976
Iteration,110,Predator,0,Prey,0,Grass,1976
Iteration,111,Predator,0,Prey,0,Grass,1976
Iteration,112,Predator,0,Prey,0,Grass,1976
Iteration,113,Predator,0,Prey,0,Grass,1976
Iteration,114,Predator,0,Prey,0,Grass,1976
Iteration,115,Predator,0,Prey,0,Grass,1976
Iteration,116,Predator,0,Prey,0,Grass,1976
Iteration,117,Predator,0,Prey,0,Grass,1976
Iteration,118,Predator,0,Prey,0,Grass,1976
Iteration,119,Predator,0,Prey,0,Grass,1976
Iteration,120,Predator,0,Prey,0,Grass,1976
Iteration,121,Predator,0,Prey,0,Grass,1976
Iteration,122,Predator,0,Prey,0,Grass,1976
Iteration,123,Predator,0,Prey,0,Grass,1976
Iteration,124,Predator,0,Prey,0,Grass,1976
Iteration,125,Predator,0,Prey,0,Grass,1976
Iteration,126,Predator,0,Prey,0,Grass,1976
Iteration,127,Predator,0,Prey,0,Grass,1976
Iteration,128,Predator,0,Prey,0,Grass,1976
Iteration,129,Predator,0,Prey,0,Grass,1976
Iteration,130,Predator,0,Prey,0,Grass,1976
Iteration,131,Predator,0,Prey,0,Grass,1976
Iteration,132,Predator,0,Prey,0,Grass,1976
Iteration,133,Predator,0,Prey,0,Grass,1976
Iteration,134,Predator,0,Prey,0,Grass,1976
Iteration,135,Predator,0,Prey,0,Grass,1976
Iteration,136,Predator,0,Prey,0,Grass,1976
Iteration,137,Predator,0,Prey,0,Grass,1976
Iteration,138,Predator,0,Prey,0,Grass,1976
Iteration,139,Predator,0,Prey,0,Grass,1976
Iteration,140,Predator,0,Prey,0,Grass,1976
Iteration,141,Predator,0,Prey,0,Grass,1976
Iteration,142,Predator,0,Prey,0,Grass,1976
Iteration,143,Predator,0,Prey,0,Grass,1976
Iteration,144,Predator,0,Prey,0,Grass,1976
Iteration,145,Predator,0,Prey,0,Grass,1976
Iteration,146,Predator,0,Prey,0,Grass,1976
Iteration,147,Predator,0,Prey,0,Grass,1976
Iteration,148,Predator,0,Prey,0,Grass,1976
Iteration,149,Predator,0,Prey,0,Grass,1976
Iteration,150,Predator,0,Prey,0,Grass,1976
Iteration,151,Predator,0,Prey,0,Grass,1976
Iteration,152,Predator,0,Prey,0,Grass,1976
Iteration,153,Predator,0,Prey,0,Grass,1976
Iteration,154,Predator,0,Prey,0,Grass,1976
Iteration,155,Predator,0,Prey,0,Grass,1976
Iteration,156,Predator,0,Prey,0,Grass,1976
Iteration,157,Predator,0,Prey,0,Grass,1976
Iteration,158,Predator,0,Prey,0,Grass,1976
Iteration,159,Predator,0,Prey,0,Grass,1976
Iteration,160,Predator,0,Prey,0,Grass,1976
Iteration,161,Predator,0,Prey,0,Grass,1976
Iteration,162,Predator,0,Prey,0,Grass,1976
Iteration,163,Predator,0,Prey,0,Grass,1976
Iteration,164,Predator,0,Prey,0,Grass,1976
Iteration,165,Predator,0,Prey,0,Grass,1976
Iteration,166,Predator,0,Prey,0,Grass,1976
Iteration,167,Predator,0,Prey,0,Grass,1976
Iteration,168,Predator,0,Prey,0,Grass,1976
Iteration,169,Predator,0,Prey,0,Grass,1976
Iteration,170,Predator,0,Prey,0,Grass,1976
Iteration,171,Predator,0,Prey,0,Grass,1976
Iteration,172,Predator,0,Prey,0,Grass,1976
Iteration,173,Predator,0,Prey,0,Grass,1976
Iteration,174,Predator,0,Prey,0,Grass,1976
Iteration,175,Predator,0,Prey,0,Grass,1976
Iteration,176,Predator,0,Prey,0,Grass,1976
Iteration,177,Predator,0,Prey,0,Grass,1976
Iteration,178,Predator,0,Prey,0,Grass,1976
Iteration,179,Predator,0,Prey,0,Grass,1976
Iteration,180,Predator,0,Prey,0,Grass,1976
Iteration,181,Predator,0,Prey,0,Grass,1976
Iteration,182,Predator,0,Prey,0,Grass,1976
Iteration,183,Predator,0,Prey,0,Grass,1976
Iteration,184,Predator,0,Prey,0,Grass,1976
Iteration,185,Predator,0,Prey,0,Grass,1976
Iteration,186,Predator,0,Prey,0,Grass,1976
Iteration,187,Predator,0,Prey,0,Grass,1976
Iteration,188,Predator,0,Prey,0,Grass,1976
Iteration,189,Predator,0,Prey,0,Grass,1976
Iteration,190,Predator,0,Prey,0,Grass,1976
Iteration,191,Predator,0,Prey,0,Grass,1976
Iteration,192,Predator,0,Prey,0,Grass,1976
Iteration,193,Predator,0,Prey,0,Grass,1976
Iteration,194,Predator,0,Prey,0,Grass,1976
Iteration,195,Predator,0,Prey,0,Grass,1976
Iteration,196,Predator,0,Prey,0,Grass,1976
Iteration,197,Predator,0,Prey,0,Grass,1976
Iteration,198,Predator,0,Prey,0,Grass,1976
Iteration,199,Predator,0,Prey,0,Grass,1976
Iteration,200,Predator,0,Prey,0,Grass,1976
Iteration,201,Predator,0,Prey,0,Grass,1976
Iteration,202,Predator,0,Prey,0,Grass,1976
Iteration,203,Predator,0,Prey,0,Grass,1976
Iteration,204,Predator,0,Prey,0,Grass,1976
Iteration,205,Predator,0,Prey,0,Grass,1976
Iteration,206,Predator,0,Prey,0,Grass,1976
Iteration,207,Predator,0,Prey,0,Grass,1976
Iteration,208,Predator,0,Prey,0,Grass,1976
Iteration,209,Predator,0,Prey,0,Grass,1976
Iteration,210,Predator,0,Prey,0,Grass,1976
Iteration,211,Predator,0,Prey,0,Grass,1976
Iteration,212,Predator,0,Prey,0,Grass,1976
Iteration,213,Predator,0,Prey,0,Grass,1976
Iteration,214,Predator,0,Prey,0,Grass,1976
Iteration,215,Predator,0,Prey,0,Grass,1976
Iteration,216,Predator,0,Prey,0,Grass,1976
Iteration,217,Predator,0,Prey,0,Grass,1976
Iteration,218,Predator,0,Prey,0,Grass,1976
Iteration,219,Predator,0,Prey,0,Grass,1976
Iteration,220,Predator,0,Prey,0,Grass,1976
Iteration,221,Predator,0,Prey,0,Grass,1976
Iteration,222,Predator,0,Prey,0,Grass,1976
Iteration,223,Predator,0,Prey,0,Grass,1976
Iteration,224,Predator,0,Prey,0,Grass,1976
Iteration,225,Predator,0,Prey,0,Grass,1976
Iteration,226,Predator,0,Prey,0,Grass,1976
Iteration,227,Predator,0,Prey,0,Grass,1976
Iteration,228,Predator,0,Prey,0,Grass,1976
Iteration,229,Predator,0,Prey,0,Grass,1976
Iteration,230,Predator,0,Prey,0,Grass,1976
Iteration,231,Predator,0,Prey,0,Grass,1976
Iteration,232,Predator,0,Prey,0,Grass,1976
Iteration,233,Predator,0,Prey,0,Grass,1976
Iteration,234,Predator,0,Prey,0,Grass,1976
Iteration,235,Predator,0,Prey,0,Grass,1976
Iteration,236,Predator,0,Prey,0,Grass,1976
Iteration,237,Predator,0,Prey,0,Grass,1976
Iteration,238,Predator,0,Prey,0,Grass,1976
Iteration,239,Predator,0,Prey,0,Grass,1976
Iteration,240,Predator,0,Prey,0,Grass,1976
Iteration,241,Predator,0,Prey,0,Grass,1976
Iteration,242,Predator,0,Prey,0,Grass,1976
Iteration,243,Predator,0,Prey,0,Grass,1976
Iteration,244,Predator,0,Prey,0,Grass,1976
Iteration,245,Predator,0,Prey,0,Grass,1976
Iteration,246,Predator,0,Prey,0,Grass,1976
Iteration,247,Predator,0,Prey,0,Grass,1976
Iteration,248,Predator,0,Prey,0,Grass,1976
Iteration,249,Predator,0,Prey,0,Grass,1976
Iteration,250,Predator,0,Prey,0,Grass,1976
Iteration,251,Predator,0,Prey,0,Grass,1976
Iteration,252,Predator,0,Prey,0,Grass,1976
Iteration,253,Predator,0,Prey,0,Grass,1976
Iteration,254,Predator,0,Prey,0,Grass,1976
Iteration,255,Predator,0,Prey,0,Grass,1976
Iteration,256,Predator,0,Prey,0,Grass,1976
Iteration,257,Predator,0,Prey,0,Grass,1976
Iteration,258,Predator,0,Prey,0,Grass,1976
Iteration,259,Predator,0,Prey,0,Grass,1976
Iteration,260,Predator,0,Prey,0,Grass,1976
Iteration,261,Predator,0,Prey,0,Grass,1976
Iteration,262,Predator,0,Prey,0,Grass,1976
Iteration,263,Predator,0,Prey,0,Grass,1976
Iteration,264,Predator,0,Prey,0,Grass,1976
Iteration,265,Predator,0,Prey,0,Grass,1976
Iteration,266,Predator,0,Prey,0,Grass,1976
Iteration,267,Predator,0,Prey,0,Grass,1976
Iteration,268,Predator,0,Prey,0,Grass,1976
Iteration,269,Predator,0,Prey,0,Grass,1976
Iteration,270,Predator,0,Prey,0,Grass,1976
Iteration,271,Predator,0,Prey,0,Grass,1976
Iteration,272,Predator,0,Prey,0,Grass,1976
Iteration,273,Predator,0,Prey,0,Grass,1976
Iteration,274,Predator,0,Prey,0,Grass,1976
Iteration,275,Predator,0,Prey,0,Grass,1976
Iteration,276,Predator,0,Prey,0,Grass,1976
Iteration,277,Predator,0,Prey,0,Grass,1976
Iteration,278,Predator,0,Prey,0,Grass,1976
Iteration,279,Predator,0,Prey,0,Grass,1976
Iteration,280,Predator,0,Prey,0,Grass,1976
Iteration,281,Predator,0,Prey,0,Grass,1976
Iteration,282,Predator,0,Prey,0,Grass,1976
Iteration,283,Predator,0,Prey,0,Grass,1976
Iteration,284,Predator,0,Prey,0,Grass,1976
Iteration,285,Predator,0,Prey,0,Grass,1976
Iteration,286,Predator,0,Prey,0,Grass,1976
Iteration,287,Predator,0,Prey,0,Grass,1976
Iteration,288,Predator,0,Prey,0,Grass,1976
Iteration,289,Predator,0,Prey,0,Grass,1976
Iteration,290,Predator,0,Prey,0,Grass,1976
Iteration,291,Predator,0,Prey,0,Grass,1976
Iteration,292,Predator,0,Prey,0,Grass,1976
Iteration,293,Predator,0,Prey,0,Grass,1976
Iteration,294,Predator,0,Prey,0,Grass,1976
Iteration,295,Predator,0,Prey,0,Grass,1976
Iteration,296,Predator,0,Prey,0,Grass,1976
Iteration,297,Predator,0,Prey,0,Grass,1976
Iteration,298,Predator,0,Prey,0,Grass,1976
Iteration,299,Predator,0,Prey,0,Grass,1976
Iteration,300,Predator,0,Prey,0,Grass,1976
Iteration,301,Predator,0,Prey,0,Grass,1976
Iteration,302,Predator,0,Prey,0,Grass,1976
Iteration,303,Predator,0,Prey,0,Grass,1976
Iteration,304,Predator,0,Prey,0,Grass,1976
Iteration,305,Predator,0,Prey,0,Grass,1976
Iteration,306,Predator,0,Prey,0,Grass,1976
Iteration,307,Predator,0,Prey,0,Grass,1976
Iteration,308,Predator,0,Prey,0,Grass,1976
Iteration,309,Predator,0,Prey,0,Grass,1976
Iteration,310,Predator,0,Prey,0,Grass,1976
Iteration,311,Predator,0,Prey,0,Grass,1976
Iteration,312,Predator,0,Prey,0,Grass,1976
Iteration,313,Predator,0,Prey,0,Grass,1976
Iteration,314,Predator,0,Prey,0,Grass,1976
Iteration,315,Predator,0,Prey,0,Grass,1976
Iteration,316,Predator,0,Prey,0,Grass,1976
Iteration,317,Predator,0,Prey,0,Grass,1976
Iteration,318,Predator,0,Prey,0,Grass,1976
Iteration,319,Predator,0,Prey,0,Grass,1976
Iteration,320,Predator,0,Prey,0,Grass,1976
Iteration,321,Predator,0,Prey,0,Grass,1976
Iteration,322,Predator,0,Prey,0,Grass,1976
Iteration,323,Predator,0,Prey,0,Grass,1976
Iteration,324,Predator,0,Prey,0,Grass,1976
Iteration,325,Predator,0,Prey,0,Grass,1976
Iteration,326,Predator,0,Prey,0,Grass,1976
Iteration,327,Predator,0,Prey,0,Grass,1976
Iteration,328,Predator,0,Prey,0,Grass,1976
Iteration,329,Predator,0,Prey,0,Grass,1976
Iteration,330,Predator,0,Prey,0,Grass,1976
Iteration,331,Predator,0,Prey,0,Grass,1976
Iteration,332,Predator,0,Prey,0,Grass,1976
Iteration,333,Predator,0,Prey,0,Grass,1976
Iteration,334,Predator,0,Prey,0,Grass,1976
Iteration,335,Predator,0,Prey,0,Grass,1976
Iteration,336,Predator,0,Prey,0,Grass,1976
Iteration,337,Predator,0,Prey,0,Grass,1976
Iteration,338,Predator,0,Prey,0,Grass,1976
Iteration,339,Predator,0,Prey,0,Grass,1976
Iteration,340,Predator,0,Prey,0,Grass,1976
Iteration,341,Predator,0,Prey,0,Grass,1976
Iteration,342,Predator,0,Prey,0,Grass,1976
Iteration,343,Predator,0,Prey,0,Grass,1976
Iteration,344,Predator,0,Prey,0,Grass,1976
Iteration,345,Predator,0,Prey,0,Grass,1976
Iteration,346,Predator,0,Prey,0,Grass,1976
Iteration,347,Predator,0,Prey,0,Grass,1976
Iteration,348,Predator,0,Prey,0,Grass,1976
Iteration,349,Predator,0,Prey,0,Grass,1976
Iteration,350,Predator,0,Prey,0,Grass,1976
Iteration,351,Predator,0,Prey,0,Grass,1976
Iteration,352,Predator,0,Prey,0,Grass,1976
Iteration,353,Predator,0,Prey,0,Grass,1976
Iteration,354,Predator,0,Prey,0,Grass,1976
Iteration,355,Predator,0,Prey,0,Grass,1976
Iteration,356,Predator,0,Prey,0,Grass,1976
Iteration,357,Predator,0,Prey,0,Grass,1976
Iteration,358,Predator,0,Prey,0,Grass,1976
Iteration,359,Predator,0,Prey,0,Grass,1976
Iteration,360,Predator,0,Prey,0,Grass,1976
Iteration,361,Predator,0,Prey,0,Grass,1976
Iteration,362,Predator,0,Prey,0,Grass,1976
Iteration,363,Predator,0,Prey,0,Grass,1976
Iteration,364,Predator,0,Prey,0,Grass,1976
Iteration,365,Predator,0,Prey,0,Grass,1976
Iteration,366,Predator,0,Prey,0,Grass,1976
Iteration,367,Predator,0,Prey,0,Grass,1976
Iteration,368,Predator,0,Prey,0,Grass,1976
Iteration,369,Predator,0,Prey,0,Grass,1976
Iteration,370,Predator,0,Prey,0,Grass,1976
Iteration,371,Predator,0,Prey,0,Grass,1976
Iteration,372,Predator,0,Prey,0,Grass,1976
Iteration,373,Predator,0,Prey,0,Grass,1976
Iteration,374,Predator,0,Prey,0,Grass,1976
Iteration,375,Predator,0,Prey,0,Grass,1976
Iteration,376,Predator,0,Prey,0,Grass,1976
Iteration,377,Predator,0,Prey,0,Grass,1976
Iteration,378,Predator,0,Prey,0,Grass,1976
Iteration,379,Predator,0,Prey,0,Grass,1976
Iteration,380,Predator,0,Prey,0,Grass,1976
Iteration,381,Predator,0,Prey,0,Grass,1976
Iteration,382,Predator,0,Prey,0,Grass,1976
Iteration,383,Predator,0,Prey,0,Grass,1976
Iteration,384,Predator,0,Prey,0,Grass,1976
Iteration,385,Predator,0,Prey,0,Grass,1976
Iteration,386,Predator,0,Prey,0,Grass,1976
Iteration,387,Predator,0,Prey,0,Grass,1976
Iteration,388,Predator,0,Prey,0,Grass,1976
Iteration,389,Predator,0,Prey,0,Grass,1976
Iteration,390,Predator,0,Prey,0,Grass,1976
Iteration,391,Predator,0,Prey,0,Grass,1976
Iteration,392,Predator,0,Prey,0,Grass,1976
Iteration,393,Predator,0,Prey,0,Grass,1976
Iteration,394,Predator,0,Prey,0,Grass,1976
Iteration,395,Predator,0,Prey,0,Grass,1976
Iteration,396,Predator,0,Prey,0,Grass,1976
Iteration,397,Predator,0,Prey,0,Grass,1976
Iteration,398,Predator,0,Prey,0,Grass,1976
Iteration,399,Predator,0,Prey,0,Grass,1976
Iteration,400,Predator,0,Prey,0,Grass,1976
Iteration,401,Predator,0,Prey,0,Grass,1976
Iteration,402,Predator,0,Prey,0,Grass,1976
Iteration,403,Predator,0,Prey,0,Grass,1976
Iteration,404,Predator,0,Prey,0,Grass,1976
Iteration,405,Predator,0,Prey,0,Grass,1976
Iteration,406,Predator,0,Prey,0,Grass,1976
Iteration,407,Predator,0,Prey,0,Grass,1976
Iteration,408,Predator,0,Prey,0,Grass,1976
Iteration,409,Predator,0,Prey,0,Grass,1976
Iteration,410,Predator,0,Prey,0,Grass,1976
Iteration,411,Predator,0,Prey,0,Grass,1976
Iteration,412,Predator,0,Prey,0,Grass,1976
Iteration,413,Predator,0,Prey,0,Grass,1976
Iteration,414,Predator,0,Prey,0,Grass,1976
Iteration,415,Predator,0,Prey,0,Grass,1976
Iteration,416,Predator,0,Prey,0,Grass,1976
Iteration,417,Predator,0,Prey,0,Grass,1976
Iteration,418,Predator,0,Prey,0,Grass,1976
Iteration,419,Predator,0,Prey,0,Grass,1976
Iteration,420,Predator,0,Prey,0,Grass,1976
Iteration,421,Predator,0,Prey,0,Grass,1976
Iteration,422,Predator,0,Prey,0,Grass,1976
Iteration,423,Predator,0,Prey,0,Grass,1976
Iteration,424,Predator,0,Prey,0,Grass,1976
Iteration,425,Predator,0,Prey,0,Grass,1976
Iteration,426,Predator,0,Prey,0,Grass,1976
Iteration,427,Predator,0,Prey,0,Grass,1976
Iteration,428,Predator,0,Prey,0,Grass,1976
Iteration,429,Predator,0,Prey,0,Grass,1976
Iteration,430,Predator,0,Prey,0,Grass,1976
Iteration,431,Predator,0,Prey,0,Grass,1976
Iteration,432,Predator,0,Prey,0,Grass,1976
Iteration,433,Predator,0,Prey,0,Grass,1976
Iteration,434,Predator,0,Prey,0,Grass,1976
Iteration,435,Predator,0,Prey,0,Grass,1976
Iteration,436,Predator,0,Prey,0,Grass,1976
Iteration,437,Predator,0,Prey,0,Grass,1976
Iteration,438,Predator,0,Prey,0,Grass,1976
Iteration,439,Predator,0,Prey,0,Grass,1976
Iteration,440,Predator,0,Prey,0,Grass,1976
Iteration,441,Predator,0,Prey,0,Grass,1976
Iteration,442,Predator,0,Prey,0,Grass,1976
Iteration,443,Predator,0,Prey,0,Grass,1976
Iteration,444,Predator,0,Prey,0,Grass,1976
Iteration,445,Predator,0,Prey,0,Grass,1976
Iteration,446,Predator,0,Prey,0,Grass,1976
Iteration,447,Predator,0,Prey,0,Grass,1976
Iteration,448,Predator,0,Prey,0,Grass,1976
Iteration,449,Predator,0,Prey,0,Grass,1976
Iteration,450,Predator,0,Prey,0,Grass,1976
Iteration,451,Predator,0,Prey,0,Grass,1976
Iteration,452,Predator,0,Prey,0,Grass,1976
Iteration,453,Predator,0,Prey,0,Grass,1976
Iteration,454,Predator,0,Prey,0,Grass,1976
Iteration,455,Predator,0,Prey,0,Grass,1976
Iteration,456,Predator,0,Prey,0,Grass,1976
Iteration,457,Predator,0,Prey,0,Grass,1976
Iteration,458,Predator,0,Prey,0,Grass,1976
Iteration,459,Predator,0,Prey,0,Grass,1976
Iteration,460,Predator,0,Prey,0,Grass,1976
Iteration,461,Predator,0,Prey,0,Grass,1976
Iteration,462,Predator,0,Prey,0,Grass,1976
Iteration,463,Predator,0,Prey,0,Grass,1976
Iteration,464,Predator,0,Prey,0,Grass,1976
Iteration,465,Predator,0,Prey,0,Grass,1976
Iteration,466,Predator,0,Prey,0,Grass,1976
Iteration,467,Predator,0,Prey,0,Grass,1976
Iteration,468,Predator,0,Prey,0,Grass,1976
Iteration,469,Predator,0,Prey,0,Grass,1976
Iteration,470,Predator,0,Prey,0,Grass,1976
Iteration,471,Predator,0,Prey,0,Grass,1976
Iteration,472,Predator,0,Prey,0,Grass,1976
Iteration,473,Predator,0,Prey,0,Grass,1976
Iteration,474,Predator,0,Prey,0,Grass,1976
Iteration,475,Predator,0,Prey,0,Grass,1976
Iteration,476,Predator,0,Prey,0,Grass,1976
Iteration,477,Predator,0,Prey,0,Grass,1976
Iteration,478,Predator,0,Prey,0,Grass,1976
Iteration,479,Predator,0,Prey,0,Grass,1976
Iteration,480,Predator,0,Prey,0,Grass,1976
Iteration,481,Predator,0,Prey,0,Grass,1976
Iteration,482,Predator,0,Prey,0,Grass,1976
Iteration,483,Predator,0,Prey,0,Grass,1976
Iteration,484,Predator,0,Prey,0,Grass,1976
Iteration,485,Predator,0,Prey,0,Grass,1976
Iteration,486,Predator,0,Prey,0,Grass,1976
Iteration,487,Predator,0,Prey,0,Grass,1976
Iteration,488,Predator,0,Prey,0,Grass,1976
Iteration,489,Predator,0,Prey,0,Grass,1976
Iteration,490,Predator,0,Prey,0,Grass,1976
Iteration,491,Predator,0,Prey,0,Grass,1976
Iteration,492,Predator,0,Prey,0,Grass,1976
Iteration,493,Predator,0,Prey,0,Grass,1976
Iteration,494,Predator,0,Prey,0,Grass,1976
Iteration,495,Predator,0,Prey,0,Grass,1976
Iteration,496,Predator,0,Prey,0,Grass,1976
Iteration,497,Predator,0,Prey,0,Grass,1976
Iteration,498,Predator,0,Prey,0,Grass,1976
Iteration,499,Predator,0,Prey,0,Grass,1976
Iteration,500,Predator,0,Prey,0,Grass,1976
Iteration,501,Predator,0,Prey,0,Grass,1976
Iteration,502,Predator,0,Prey,0,Grass,1976
Iteration,503,Predator,0,Prey,0,Grass,1976
Iteration,504,Predator,0,Prey,0,Grass,1976
Iteration,505,Predator,0,Prey,0,Grass,1976
Iteration,506,Predator,0,Prey,0,Grass,1976
Iteration,507,Predator,0,Prey,0,Grass,1976
Iteration,508,Predator,0,Prey,0,Grass,1976
Iteration,509,Predator,0,Prey,0,Grass,1976
Iteration,510,Predator,0,Prey,0,Grass,1976
Iteration,511,Predator,0,Prey,0,Grass,1976
Iteration,512,Predator,0,Prey,0,Grass,1976
Iteration,513,Predator,0,Prey,0,Grass,1976
Iteration,514,Predator,0,Prey,0,Grass,1976
Iteration,515,Predator,0,Prey,0,Grass,1976
Iteration,516,Predator,0,Prey,0,Grass,1976
Iteration,517,Predator,0,Prey,0,Grass,1976
Iteration,518,Predator,0,Prey,0,Grass,1976
Iteration,519,Predator,0,Prey,0,Grass,1976
Iteration,520,Predator,0,Prey,0,Grass,1976
Iteration,521,Predator,0,Prey,0,Grass,1976
Iteration,522,Predator,0,Prey,0,Grass,1976
Iteration,523,Predator,0,Prey,0,Grass,1976
Iteration,524,Predator,0,Prey,0,Grass,1976
Iteration,525,Predator,0,Prey,0,Grass,1976
Iteration,526,Predator,0,Prey,0,Grass,1976
Iteration,527,Predator,0,Prey,0,Grass,1976
Iteration,528,Predator,0,Prey,0,Grass,1976
Iteration,529,Predator,0,Prey,0,Grass,1976
Iteration,530,Predator,0,Prey,0,Grass,1976
Iteration,531,Predator,0,Prey,0,Grass,1976
Iteration,532,Predator,0,Prey,0,Grass,1976
Iteration,533,Predator,0,Prey,0,Grass,1976
Iteration,534,Predator,0,Prey,0,Grass,1976
Iteration,535,Predator,0,Prey,0,Grass,1976
Iteration,536,Predator,0,Prey,0,Grass,1976
Iteration,537,Predator,0,Prey,0,Grass,1976
Iteration,538,Predator,0,Prey,0,Grass,1976
Iteration,539,Predator,0,Prey,0,Grass,1976
Iteration,540,Predator,0,Prey,0,Grass,1976
Iteration,541,Predator,0,Prey,0,Grass,1976
Iteration,542,Predator,0,Prey,0,Grass,1976
Iteration,543,Predator,0,Prey,0,Grass,1976
Iteration,544,Predator,0,Prey,0,Grass,1976
Iteration,545,Predator,0,Prey,0,Grass,1976
Iteration,546,Predator,0,Prey,0,Grass,1976
Iteration,547,Predator,0,Prey,0,Grass,1976
Iteration,548,Predator,0,Prey,0,Grass,1976
Iteration,549,Predator,0,Prey,0,Grass,1976
Iteration,550,Predator,0,Prey,0,Grass,1976
Iteration,551,Predator,0,Prey,0,Grass,1976
Iteration,552,Predator,0,Prey,0,Grass,1976
Iteration,553,Predator,0,Prey,0,Grass,1976
Iteration,554,Predator,0,Prey,0,Grass,1976
Iteration,555,Predator,0,Prey,0,Grass,1976
Iteration,556,Predator,0,Prey,0,Grass,1976
Iteration,557,Predator,0,Prey,0,Grass,1976
Iteration,558,Predator,0,Prey,0,Grass,1976
Iteration,559,Predator,0,Prey,0,Grass,1976
Iteration,560,Predator,0,Prey,0,Grass,1976
Iteration,561,Predator,0,Prey,0,Grass,1976
Iteration,562,Predator,0,Prey,0,Grass,1976
Iteration,563,Predator,0,Prey,0,Grass,1976
Iteration,564,Predator,0,Prey,0,Grass,1976
Iteration,565,Predator,0,Prey,0,Grass,1976
Iteration,566,Predator,0,Prey,0,Grass,1976
Iteration,567,Predator,0,Prey,0,Grass,1976
Iteration,568,Predator,0,Prey,0,Grass,1976
Iteration,569,Predator,0,Prey,0,Grass,1976
Iteration,570,Predator,0,Prey,0,Grass,1976
Iteration,571,Predator,0,Prey,0,Grass,1976
Iteration,572,Predator,0,Prey,0,Grass,1976
Iteration,573,Predator,0,Prey,0,Grass,1976
Iteration,574,Predator,0,Prey,0,Grass,1976
Iteration,575,Predator,0,Prey,0,Grass,1976
Iteration,576,Predator,0,Prey,0,Grass,1976
Iteration,577,Predator,0,Prey,0,Grass,1976
Iteration,578,Predator,0,Prey,0,Grass,1976
Iteration,579,Predator,0,Prey,0,Grass,1976
Iteration,580,Predator,0,Prey,0,Grass,1976
Iteration,581,Predator,0,Prey,0,Grass,1976
Iteration,582,Predator,0,Prey,0,Grass,1976
Iteration,583,Predator,0,Prey,0,Grass,1976
Iteration,584,Predator,0,Prey,0,Grass,1976
Iteration,585,Predator,0,Prey,0,Grass,1976
Iteration,586,Predator,0,Prey,0,Grass,1976
Iteration,587,Predator,0,Prey,0,Grass,1976
Iteration,588,Predator,0,Prey,0,Grass,1976
Iteration,589,Predator,0,Prey,0,Grass,1976
Iteration,590,Predator,0,Prey,0,Grass,1976
Iteration,591,Predator,0,Prey,0,Grass,1976
Iteration,592,Predator,0,Prey,0,Grass,1976
Iteration,593,Predator,0,Prey,0,Grass,1976
Iteration,594,Predator,0,Prey,0,Grass,1976
Iteration,595,Predator,0,Prey,0,Grass,1976
Iteration,596,Predator,0,Prey,0,Grass,1976
Iteration,597,Predator,0,Prey,0,Grass,1976
Iteration,598,Predator,0,Prey,0,Grass,1976
Iteration,599,Predator,0,Prey,0,Grass,1976
Iteration,600,Predator,0,Prey,0,Grass,1976
Iteration,601,Predator,0,Prey,0,Grass,1976
Iteration,602,Predator,0,Prey,0,Grass,1976
Iteration,603,Predator,0,Prey,0,Grass,1976
Iteration,604,Predator,0,Prey,0,Grass,1976
Iteration,605,Predator,0,Prey,0,Grass,1976
Iteration,606,Predator,0,Prey,0,Grass,1976
Iteration,607,Predator,0,Prey,0,Grass,1976
Iteration,608,Predator,0,Prey,0,Grass,1976
Iteration,609,Predator,0,Prey,0,Grass,1976
Iteration,610,Predator,0,Prey,0,Grass,1976
Iteration,611,Predator,0,Prey,0,Grass,1976
Iteration,612,Predator,0,Prey,0,Grass,1976
Iteration,613,Predator,0,Prey,0,Grass,1976
Iteration,614,Predator,0,Prey,0,Grass,1976
Iteration,615,Predator,0,Prey,0,Grass,1976
Iteration,616,Predator,0,Prey,0,Grass,1976
Iteration,617,Predator,0,Prey,0,Grass,1976
Iteration,618,Predator,0,Prey,0,Grass,1976
Iteration,619,Predator,0,Prey,0,Grass,1976
Iteration,620,Predator,0,Prey,0,Grass,1976
Iteration,621,Predator,0,Prey,0,Grass,1976
Iteration,622,Predator,0,Prey,0,Grass,1976
Iteration,623,Predator,0,Prey,0,Grass,1976
Iteration,624,Predator,0,Prey,0,Grass,1976
Iteration,625,Predator,0,Prey,0,Grass,1976
Iteration,626,Predator,0,Prey,0,Grass,1976
Iteration,627,Predator,0,Prey,0,Grass,1976
Iteration,628,Predator,0,Prey,0,Grass,1976
Iteration,629,Predator,0,Prey,0,Grass,1976
Iteration,630,Predator,0,Prey,0,Grass,1976
Iteration,631,Predator,0,Prey,0,Grass,1976
Iteration,632,Predator,0,Prey,0,Grass,1976
Iteration,633,Predator,0,Prey,0,Grass,1976
Iteration,634,Predator,0,Prey,0,Grass,1976
Iteration,635,Predator,0,Prey,0,Grass,1976
Iteration,636,Predator,0,Prey,0,Grass,1976
Iteration,637,Predator,0,Prey,0,Grass,1976
Iteration,638,Predator,0,Prey,0,Grass,1976
Iteration,639,Predator,0,Prey,0,Grass,1976
Iteration,640,Predator,0,Prey,0,Grass,1976
Iteration,641,Predator,0,Prey,0,Grass,1976
Iteration,642,Predator,0,Prey,0,Grass,1976
Iteration,643,Predator,0,Prey,0,Grass,1976
Iteration,644,Predator,0,Prey,0,Grass,1976
Iteration,645,Predator,0,Prey,0,Grass,1976
Iteration,646,Predator,0,Prey,0,Grass,1976
Iteration,647,Predator,0,Prey,0,Grass,1976
Iteration,648,Predator,0,Prey,0,Grass,1976
Iteration,649,Predator,0,Prey,0,Grass,1976
Iteration,650,Predator,0,Prey,0,Grass,1976
Iteration,651,Predator,0,Prey,0,Grass,1976
Iteration,652,Predator,0,Prey,0,Grass,1976
Iteration,653,Predator,0,Prey,0,Grass,1976
Iteration,654,Predator,0,Prey,0,Grass,1976
Iteration,655,Predator,0,Prey,0,Grass,1976
Iteration,656,Predator,0,Prey,0,Grass,1976
Iteration,657,Predator,0,Prey,0,Grass,1976
Iteration,658,Predator,0,Prey,0,Grass,1976
Iteration,659,Predator,0,Prey,0,Grass,1976
Iteration,660,Predator,0,Prey,0,Grass,1976
Iteration,661,Predator,0,Prey,0,Grass,1976
Iteration,662,Predator,0,Prey,0,Grass,1976
Iteration,663,Predator,0,Prey,0,Grass,1976
Iteration,664,Predator,0,Prey,0,Grass,1976
Iteration,665,Predator,0,Prey,0,Grass,1976
Iteration,666,Predator,0,Prey,0,Grass,1976
Iteration,667,Predator,0,Prey,0,Grass,1976
Iteration,668,Predator,0,Prey,0,Grass,1976
Iteration,669,Predator,0,Prey,0,Grass,1976
Iteration,670,Predator,0,Prey,0,Grass,1976
Iteration,671,Predator,0,Prey,0,Grass,1976
Iteration,672,Predator,0,Prey,0,Grass,1976
Iteration,673,Predator,0,Prey,0,Grass,1976
Iteration,674,Predator,0,Prey,0,Grass,1976
Iteration,675,Predator,0,Prey,0,Grass,1976
Iteration,676,Predator,0,Prey,0,Grass,1976
Iteration,677,Predator,0,Prey,0,Grass,1976
Iteration,678,Predator,0,Prey,0,Grass,1976
Iteration,679,Predator,0,Prey,0,Grass,1976
Iteration,680,Predator,0,Prey,0,Grass,1976
Iteration,681,Predator,0,Prey,0,Grass,1976
Iteration,682,Predator,0,Prey,0,Grass,1976
Iteration,683,Predator,0,Prey,0,Grass,1976
Iteration,684,Predator,0,Prey,0,Grass,1976
Iteration,685,Predator,0,Prey,0,Grass,1976
Iteration,686,Predator,0,Prey,0,Grass,1976
Iteration,687,Predator,0,Prey,0,Grass,1976
Iteration,688,Predator,0,Prey,0,Grass,1976
Iteration,689,Predator,0,Prey,0,Grass,1976
Iteration,690,Predator,0,Prey,0,Grass,1976
Iteration,691,Predator,0,Prey,0,Grass,1976
Iteration,692,Predator,0,Prey,0,Grass,1976
Iteration,693,Predator,0,Prey,0,Grass,1976
Iteration,694,Predator,0,Prey,0,Grass,1976
Iteration,695,Predator,0,Prey,0,Grass,1976
Iteration,696,Predator,0,Prey,0,Grass,1976
Iteration,697,Predator,0,Prey,0,Grass,1976
Iteration,698,Predator,0,Prey,0,Grass,1976
Iteration,699,Predator,0,Prey,0,Grass,1976
Iteration,700,Predator,0,Prey,0,Grass,1976
Iteration,701,Predator,0,Prey,0,Grass,1976
Iteration,702,Predator,0,Prey,0,Grass,1976
Iteration,703,Predator,0,Prey,0,Grass,1976
Iteration,704,Predator,0,Prey,0,Grass,1976
Iteration,705,Predator,0,Prey,0,Grass,1976
Iteration,706,Predator,0,Prey,0,Grass,1976
Iteration,707,Predator,0,Prey,0,Grass,1976
Iteration,708,Predator,0,Prey,0,Grass,1976
Iteration,709,Predator,0,Prey,0,Grass,1976
Iteration,710,Predator,0,Prey,0,Grass,1976
Iteration,711,Predator,0,Prey,0,Grass,1976
Iteration,712,Predator,0,Prey,0,Grass,1976
Iteration,713,Predator,0,Prey,0,Grass,1976
Iteration,714,Predator,0,Prey,0,Grass,1976
Iteration,715,Predator,0,Prey,0,Grass,1976
Iteration,716,Predator,0,Prey,0,Grass,1976
Iteration,717,Predator,0,Prey,0,Grass,1976
Iteration,718,Predator,0,Prey,0,Grass,1976
Iteration,719,Predator,0,Prey,0,Grass,1976
Iteration,720,Predator,0,Prey,0,Grass,1976
Iteration,721,Predator,0,Prey,0,Grass,1976
Iteration,722,Predator,0,Prey,0,Grass,1976
Iteration,723,Predator,0,Prey,0,Grass,1976
Iteration,724,Predator,0,Prey,0,Grass,1976
Iteration,725,Predator,0,Prey,0,Grass,1976
Iteration,726,Predator,0,Prey,0,Grass,1976
Iteration,727,Predator,0,Prey,0,Grass,1976
Iteration,728,Predator,0,Prey,0,Grass,1976
Iteration,729,Predator,0,Prey,0,Grass,1976
Iteration,730,Predator,0,Prey,0,Grass,1976
Iteration,731,Predator,0,Prey,0,Grass,1976
Iteration,732,Predator,0,Prey,0,Grass,1976
Iteration,733,Predator,0,Prey,0,Grass,1976
Iteration,734,Predator,0,Prey,0,Grass,1976
Iteration,735,Predator,0,Prey,0,Grass,1976
Iteration,736,Predator,0,Prey,0,Grass,1976
Iteration,737,Predator,0,Prey,0,Grass,1976
Iteration,738,Predator,0,Prey,0,Grass,1976
Iteration,739,Predator,0,Prey,0,Grass,1976
Iteration,740,Predator,0,Prey,0,Grass,1976
Iteration,741,Predator,0,Prey,0,Grass,1976
Iteration,742,Predator,0,Prey,0,Grass,1976
Iteration,743,Predator,0,Prey,0,Grass,1976
Iteration,744,Predator,0,Prey,0,Grass,1976
Iteration,745,Predator,0,Prey,0,Grass,1976
Iteration,746,Predator,0,Prey,0,Grass,1976
Iteration,747,Predator,0,Prey,0,Grass,1976
Iteration,748,Predator,0,Prey,0,Grass,1976
Iteration,749,Predator,0,Prey,0,Grass,1976
Iteration,750,Predator,0,Prey,0,Grass,1976
Iteration,751,Predator,0,Prey,0,Grass,1976
Iteration,752,Predator,0,Prey,0,Grass,1976
Iteration,753,Predator,0,Prey,0,Grass,1976
Iteration,754,Predator,0,Prey,0,Grass,1976
Iteration,755,Predator,0,Prey,0,Grass,1976
Iteration,756,Predator,0,Prey,0,Grass,1976
Iteration,757,Predator,0,Prey,0,Grass,1976
Iteration,758,Predator,0,Prey,0,Grass,1976
Iteration,759,Predator,0,Prey,0,Grass,1976
Iteration,760,Predator,0,Prey,0,Grass,1976
Iteration,761,Predator,0,Prey,0,Grass,1976
Iteration,762,Predator,0,Prey,0,Grass,1976
Iteration,763,Predator,0,Prey,0,Grass,1976
Iteration,764,Predator,0,Prey,0,Grass,1976
Iteration,765,Predator,0,Prey,0,Grass,1976
Iteration,766,Predator,0,Prey,0,Grass,1976
Iteration,767,Predator,0,Prey,0,Grass,1976
Iteration,768,Predator,0,Prey,0,Grass,1976
Iteration,769,Predator,0,Prey,0,Grass,1976
Iteration,770,Predator,0,Prey,0,Grass,1976
Iteration,771,Predator,0,Prey,0,Grass,1976
Iteration,772,Predator,0,Prey,0,Grass,1976
Iteration,773,Predator,0,Prey,0,Grass,1976
Iteration,774,Predator,0,Prey,0,Grass,1976
Iteration,775,Predator,0,Prey,0,Grass,1976
Iteration,776,Predator,0,Prey,0,Grass,1976
Iteration,777,Predator,0,Prey,0,Grass,1976
Iteration,778,Predator,0,Prey,0,Grass,1976
Iteration,779,Predator,0,Prey,0,Grass,1976
Iteration,780,Predator,0,Prey,0,Grass,1976
Iteration,781,Predator,0,Prey,0,Grass,1976
Iteration,782,Predator,0,Prey,0,Grass,1976
Iteration,783,Predator,0,Prey,0,Grass,1976
Iteration,784,Predator,0,Prey,0,Grass,1976
Iteration,785,Predator,0,Prey,0,Grass,1976
Iteration,786,Predator,0,Prey,0,Grass,1976
Iteration,787,Predator,0,Prey,0,Grass,1976
Iteration,788,Predator,0,Prey,0,Grass,1976
Iteration,789,Predator,0,Prey,0,Grass,1976
Iteration,790,Predator,0,Prey,0,Grass,1976
Iteration,791,Predator,0,Prey,0,Grass,1976
Iteration,792,Predator,0,Prey,0,Grass,1976
Iteration,793,Predator,0,Prey,0,Grass,1976
Iteration,794,Predator,0,Prey,0,Grass,1976
Iteration,795,Predator,0,Prey,0,Grass,1976
Iteration,796,Predator,0,Prey,0,Grass,1976
Iteration,797,Predator,0,Prey,0,Grass,1976
Iteration,798,Predator,0,Prey,0,Grass,1976
Iteration,799,Predator,0,Prey,0,Grass,1976
Iteration,800,Predator,0,Prey,0,Grass,1976
Iteration,801,Predator,0,Prey,0,Grass,1976
Iteration,802,Predator,0,Prey,0,Grass,1976
Iteration,803,Predator,0,Prey,0,Grass,1976
Iteration,804,Predator,0,Prey,0,Grass,1976
Iteration,805,Predator,0,Prey,0,Grass,1976
Iteration,806,Predator,0,Prey,0,Grass,1976
Iteration,807,Predator,0,Prey,0,Grass,1976
Iteration,808,Predator,0,Prey,0,Grass,1976
Iteration,809,Predator,0,Prey,0,Grass,1976
Iteration,810,Predator,0,Prey,0,Grass,1976
Iteration,811,Predator,0,Prey,0,Grass,1976
Iteration,812,Predator,0,Prey,0,Grass,1976
Iteration,813,Predator,0,Prey,0,Grass,1976
Iteration,814,Predator,0,Prey,0,Grass,1976
Iteration,815,Predator,0,Prey,0,Grass,1976
Iteration,816,Predator,0,Prey,0,Grass,1976
Iteration,817,Predator,0,Prey,0,Grass,1976
Iteration,818,Predator,0,Prey,0,Grass,1976
Iteration,819,Predator,0,Prey,0,Grass,1976
Iteration,820,Predator,0,Prey,0,Grass,1976
Iteration,821,Predator,0,Prey,0,Grass,1976
Iteration,822,Predator,0,Prey,0,Grass,1976
Iteration,823,Predator,0,Prey,0,Grass,1976
Iteration,824,Predator,0,Prey,0,Grass,1976
Iteration,825,Predator,0,Prey,0,Grass,1976
Iteration,826,Predator,0,Prey,0,Grass,1976
Iteration,827,Predator,0,Prey,0,Grass,1976
Iteration,828,Predator,0,Prey,0,Grass,1976
Iteration,829,Predator,0,Prey,0,Grass,1976
Iteration,830,Predator,0,Prey,0,Grass,1976
Iteration,831,Predator,0,Prey,0,Grass,1976
Iteration,832,Predator,0,Prey,0,Grass,1976
Iteration,833,Predator,0,Prey,0,Grass,1976
Iteration,834,Predator,0,Prey,0,Grass,1976
Iteration,835,Predator,0,Prey,0,Grass,1976
Iteration,836,Predator,0,Prey,0,Grass,1976
Iteration,837,Predator,0,Prey,0,Grass,1976
Iteration,838,Predator,0,Prey,0,Grass,1976
Iteration,839,Predator,0,Prey,0,Grass,1976
Iteration,840,Predator,0,Prey,0,Grass,1976
Iteration,841,Predator,0,Prey,0,Grass,1976
Iteration,842,Predator,0,Prey,0,Grass,1976
Iteration,843,Predator,0,Prey,0,Grass,1976
Iteration,844,Predator,0,Prey,0,Grass,1976
Iteration,845,Predator,0,Prey,0,Grass,1976
Iteration,846,Predator,0,Prey,0,Grass,1976
Iteration,847,Predator,0,Prey,0,Grass,1976
Iteration,848,Predator,0,Prey,0,Grass,1976
Iteration,849,Predator,0,Prey,0,Grass,1976
Iteration,850,Predator,0,Prey,0,Grass,1976
Iteration,851,Predator,0,Prey,0,Grass,1976
Iteration,852,Predator,0,Prey,0,Grass,1976
Iteration,853,Predator,0,Prey,0,Grass,1976
Iteration,854,Predator,0,Prey,0,Grass,1976
Iteration,855,Predator,0,Prey,0,Grass,1976
Iteration,856,Predator,0,Prey,0,Grass,1976
Iteration,857,Predator,0,Prey,0,Grass,1976
Iteration,858,Predator,0,Prey,0,Grass,1976
Iteration,859,Predator,0,Prey,0,Grass,1976
Iteration,860,Predator,0,Prey,0,Grass,1976
Iteration,861,Predator,0,Prey,0,Grass,1976
Iteration,862,Predator,0,Prey,0,Grass,1976
Iteration,863,Predator,0,Prey,0,Grass,1976
Iteration,864,Predator,0,Prey,0,Grass,1976
Iteration,865,Predator,0,Prey,0,Grass,1976
Iteration,866,Predator,0,Prey,0,Grass,1976
Iteration,867,Predator,0,Prey,0,Grass,1976
Iteration,868,Predator,0,Prey,0,Grass,1976
Iteration,869,Predator,0,Prey,0,Grass,1976
Iteration,870,Predator,0,Prey,0,Grass,1976
Iteration,871,Predator,0,Prey,0,Grass,1976
Iteration,872,Predator,0,Prey,0,Grass,1976
Iteration,873,Predator,0,Prey,0,Grass,1976
Iteration,874,Predator,0,Prey,0,Grass,1976
Iteration,875,Predator,0,Prey,0,Grass,1976
Iteration,876,Predator,0,Prey,0,Grass,1976
Iteration,877,Predator,0,Prey,0,Grass,1976
Iteration,878,Predator,0,Prey,0,Grass,1976
Iteration,879,Predator,0,Prey,0,Grass,1976
Iteration,880,Predator,0,Prey,0,Grass,1976
Iteration,881,Predator,0,Prey,0,Grass,1976
Iteration,882,Predator,0,Prey,0,Grass,1976
Iteration,883,Predator,0,Prey,0,Grass,1976
Iteration,884,Predator,0,Prey,0,Grass,1976
Iteration,885,Predator,0,Prey,0,Grass,1976
Iteration,886,Predator,0,Prey,0,Grass,1976
Iteration,887,Predator,0,Prey,0,Grass,1976
Iteration,888,Predator,0,Prey,0,Grass,1976
Iteration,889,Predator,0,Prey,0,Grass,1976
Iteration,890,Predator,0,Prey,0,Grass,1976
Iteration,891,Predator,0,Prey,0,Grass,1976
Iteration,892,Predator,0,Prey,0,Grass,1976
Iteration,893,Predator,0,Prey,0,Grass,1976
Iteration,894,Predator,0,Prey,0,Grass,1976
Iteration,895,Predator,0,Prey,0,Grass,1976
Iteration,896,Predator,0,Prey,0,Grass,1976
Iteration,897,Predator,0,Prey,0,Grass,1976
Iteration,898,Predator,0,Prey,0,Grass,1976
Iteration,899,Predator,0,Prey,0,Grass,1976
Iteration,900,Predator,0,Prey,0,Grass,1976
Iteration,901,Predator,0,Prey,0,Grass,1976
Iteration,902,Predator,0,Prey,0,Grass,1976
Iteration,903,Predator,0,Prey,0,Grass,1976
Iteration,904,Predator,0,Prey,0,Grass,1976
Iteration,905,Predator,0,Prey,0,Grass,1976
Iteration,906,Predator,0,Prey,0,Grass,1976
Iteration,907,Predator,0,Prey,0,Grass,1976
Iteration,908,Predator,0,Prey,0,Grass,1976
Iteration,909,Predator,0,Prey,0,Grass,1976
Iteration,910,Predator,0,Prey,0,Grass,1976
Iteration,911,Predator,0,Prey,0,Grass,1976
Iteration,912,Predator,0,Prey,0,Grass,1976
Iteration,913,Predator,0,Prey,0,Grass,1976
Iteration,914,Predator,0,Prey,0,Grass,1976
Iteration,915,Predator,0,Prey,0,Grass,1976
Iteration,916,Predator,0,Prey,0,Grass,1976
Iteration,917,Predator,0,Prey,0,Grass,1976
Iteration,918,Predator,0,Prey,0,Grass,1976
Iteration,919,Predator,0,Prey,0,Grass,1976
Iteration,920,Predator,0,Prey,0,Grass,1976
Iteration,921,Predator,0,Prey,0,Grass,1976
Iteration,922,Predator,0,Prey,0,Grass,1976
Iteration,923,Predator,0,Prey,0,Grass,1976
Iteration,924,Predator,0,Prey,0,Grass,1976
Iteration,925,Predator,0,Prey,0,Grass,1976
Iteration,926,Predator,0,Prey,0,Grass,1976
Iteration,927,Predator,0,Prey,0,Grass,1976
Iteration,928,Predator,0,Prey,0,Grass,1976
Iteration,929,Predator,0,Prey,0,Grass,1976
Iteration,930,Predator,0,Prey,0,Grass,1976
Iteration,931,Predator,0,Prey,0,Grass,1976
Iteration,932,Predator,0,Prey,0,Grass,1976
Iteration,933,Predator,0,Prey,0,Grass,1976
Iteration,934,Predator,0,Prey,0,Grass,1976
Iteration,935,Predator,0,Prey,0,Grass,1976
Iteration,936,Predator,0,Prey,0,Grass,1976
Iteration,937,Predator,0,Prey,0,Grass,1976
Iteration,938,Predator,0,Prey,0,Grass,1976
Iteration,939,Predator,0,Prey,0,Grass,1976
Iteration,940,Predator,0,Prey,0,Grass,1976
Iteration,941,Predator,0,Prey,0,Grass,1976
Iteration,942,Predator,0,Prey,0,Grass,1976
Iteration,943,Predator,0,Prey,0,Grass,1976
Iteration,944,Predator,0,Prey,0,Grass,1976
Iteration,945,Predator,0,Prey,0,Grass,1976
Iteration,946,Predator,0,Prey,0,Grass,1976
Iteration,947,Predator,0,Prey,0,Grass,1976
Iteration,948,Predator,0,Prey,0,Grass,1976
Iteration,949,Predator,0,Prey,0,Grass,1976
Iteration,950,Predator,0,Prey,0,Grass,1976
Iteration,951,Predator,0,Prey,0,Grass,1976
Iteration,952,Predator,0,Prey,0,Grass,1976
Iteration,953,Predator,0,Prey,0,Grass,1976
Iteration,954,Predator,0,Prey,0,Grass,1976
Iteration,955,Predator,0,Prey,0,Grass,1976
Iteration,956,Predator,0,Prey,0,Grass,1976
Iteration,957,Predator,0,Prey,0,Grass,1976
Iteration,958,Predator,0,Prey,0,Grass,1976
Iteration,959,Predator,0,Prey,0,Grass,1976
Iteration,960,Predator,0,Prey,0,Grass,1976
Iteration,961,Predator,0,Prey,0,Grass,1976
Iteration,962,Predator,0,Prey,0,Grass,1976
Iteration,963,Predator,0,Prey,0,Grass,1976
Iteration,964,Predator,0,Prey,0,Grass,1976
Iteration,965,Predator,0,Prey,0,Grass,1976
Iteration,966,Predator,0,Prey,0,Grass,1976
Iteration,967,Predator,0,Prey,0,Grass,1976
Iteration,968,Predator,0,Prey,0,Grass,1976
Iteration,969,Predator,0,Prey,0,Grass,1976
Iteration,970,Predator,0,Prey,0,Grass,1976
Iteration,971,Predator,0,Prey,0,Grass,1976
Iteration,972,Predator,0,Prey,0,Grass,1976
Iteration,973,Predator,0,Prey,0,Grass,1976
Iteration,974,Predator,0,Prey,0,Grass,1976
Iteration,975,Predator,0,Prey,0,Grass,1976
Iteration,976,Predator,0,Prey,0,Grass,1976
Iteration,977,Predator,0,Prey,0,Grass,1976
Iteration,978,Predator,0,Prey,0,Grass,1976
Iteration,979,Predator,0,Prey,0,Grass,1976
Iteration,980,Predator,0,Prey,0,Grass,1976
Iteration,981,Predator,0,Prey,0,Grass,1976
Iteration,982,Predator,0,Prey,0,Grass,1976
Iteration,983,Predator,0,Prey,0,Grass,1976
Iteration,984,Predator,0,Prey,0,Grass,1976
Iteration,985,Predator,0,Prey,0,Grass,1976
Iteration,986,Predator,0,Prey,0,Grass,1976
Iteration,987,Predator,0,Prey,0,Grass,1976
Iteration,988,Predator,0,Prey,0,Grass,1976
Iteration,989,Predator,0,Prey,0,Grass,1976
Iteration,990,Predator,0,Prey,0,Grass,1976
Iteration,991,Predator,0,Prey,0,Grass,1976
Iteration,992,Predator,0,Prey,0,Grass,1976
Iteration,993,Predator,0,Prey,0,Grass,1976
Iteration,994,Predator,0,Prey,0,Grass,1976
Iteration,995,Predator,0,Prey,0,Grass,1976
Iteration,996,Predator,0,Prey,0,Grass,1976
Iteration,997,Predator,0,Prey,0,Grass,1976
Iteration,998,Predator,0,Prey,0,Grass,1976
Iteration,999,Predator,0,Prey,0,Grass,1976
Iteration,1000,Predator,0,Prey,0,Grass,1976
